timestamp,date,node,latency,joint_1,joint_2,joint_3,joint_4,joint_5,joint_6
1640622279040854016,2021-12-27-16:24:39,10.1.1.2,1640622279040.611,0.000,0.000,0.000,0.000,0.000,0.000
1640622282132901888,2021-12-27-16:24:42,10.1.1.2,0,0.000,0.000,0.000,0.000,0.000,0.000
1640622283372227072,2021-12-27-16:24:43,10.1.1.2,2,0.000,0.000,0.000,0.000,0.000,0.000
1640622284233182976,2021-12-27-16:24:44,10.1.1.2,2,0.000,0.000,0.000,0.000,0.000,0.000
1640622287566366976,2021-12-27-16:24:47,10.1.1.2,1,0.000,0.000,0.000,0.000,0.000,0.000
1640622288444935936,2021-12-27-16:24:48,10.1.1.2,0,0.000,0.000,0.000,0.000,0.000,0.000
1640622289804055040,2021-12-27-16:24:49,10.1.1.2,1,0.000,0.000,0.000,0.000,0.000,0.000
1640622293798036224,2021-12-27-16:24:53,10.1.1.2,0,0.000,0.000,0.000,0.000,0.000,0.000
1640622294416434176,2021-12-27-16:24:54,10.1.1.2,0,0.000,0.000,0.000,0.000,0.000,0.000
1640622295157084928,2021-12-27-16:24:55,10.1.1.2,0,0.000,0.000,0.000,0.000,0.000,0.000
1640622296693274112,2021-12-27-16:24:56,10.1.1.2,0,0.000,0.000,0.000,0.000,0.000,0.000
1640622302124452096,2021-12-27-16:25:02,10.1.1.2,2,0.000,0.000,0.000,0.000,0.000,0.000
1640622302387986944,2021-12-27-16:25:02,10.1.1.2,4,0.000,0.000,0.000,0.000,0.000,0.000
1640622303006490112,2021-12-27-16:25:03,10.1.1.2,3,0.000,0.000,0.000,0.000,0.000,0.000
1640622306351902976,2021-12-27-16:25:06,10.1.1.2,1,0.000,0.000,0.000,0.000,0.000,0.000
1640622311392739072,2021-12-27-16:25:11,10.1.1.2,1,0.000,0.000,0.000,0.000,0.000,0.000
1640622311654177792,2021-12-27-16:25:11,10.1.1.2,1,0.000,0.000,0.000,0.000,0.000,0.000
1640622313513143040,2021-12-27-16:25:13,10.1.1.2,1,0.000,0.000,0.000,0.000,0.000,0.000
1640622316084410880,2021-12-27-16:25:16,10.1.1.2,6,0.000,0.000,0.000,0.000,0.000,0.000
1640622322022136064,2021-12-27-16:25:22,10.1.1.2,1,0.000,0.000,0.000,0.000,0.000,0.000
1640622324639395840,2021-12-27-16:25:24,10.1.1.2,1,0.000,0.000,0.000,0.000,0.000,0.000
1640622325697571072,2021-12-27-16:25:25,10.1.1.2,2,0.000,0.000,0.000,0.000,0.000,0.000
1640622335827023872,2021-12-27-16:25:35,10.1.1.2,1,0.000,0.000,0.000,0.000,0.000,0.000
1640622338093727232,2021-12-27-16:25:38,10.1.1.2,1,0.000,0.000,0.000,0.000,0.000,0.000
1640622338514144000,2021-12-27-16:25:38,10.1.1.2,4,0.000,0.000,0.000,0.000,0.000,0.000
1640622342260492032,2021-12-27-16:25:42,10.1.1.2,1,0.000,0.000,0.000,0.000,0.000,0.000
1640622342692493824,2021-12-27-16:25:42,10.1.1.2,0,0.000,0.000,0.000,0.000,0.000,0.000
1640622342892196864,2021-12-27-16:25:42,10.1.1.2,1,0.000,0.000,0.000,0.000,0.000,0.000
1640622345850137856,2021-12-27-16:25:45,10.1.1.2,1,0.000,0.000,0.000,0.000,0.000,0.000
1640622346913507840,2021-12-27-16:25:46,10.1.1.2,2,0.000,0.000,0.000,0.000,0.000,0.000
1640622349451344896,2021-12-27-16:25:49,10.1.1.2,2,0.000,0.000,0.000,0.000,0.000,0.000
1640622350949197056,2021-12-27-16:25:50,10.1.1.2,2,0.000,0.000,0.000,0.000,0.000,0.000
1640622352085331968,2021-12-27-16:25:52,10.1.1.2,2,0.000,0.000,0.000,0.000,0.000,0.000
1640622356139774208,2021-12-27-16:25:56,10.1.1.2,0,0.000,0.000,0.000,0.000,0.000,0.000
1640622359932542208,2021-12-27-16:25:59,10.1.1.2,2,0.000,0.000,0.000,0.000,0.000,0.000
1640622361669693952,2021-12-27-16:26:01,10.1.1.2,1,0.000,0.000,0.000,0.000,0.000,0.000
1640622367830209024,2021-12-27-16:26:07,10.1.1.2,1,0.000,0.000,0.000,0.000,0.000,0.000
1640622373037475072,2021-12-27-16:26:13,10.1.1.2,3,0.000,0.000,0.000,0.000,0.000,0.000
1640622373234913024,2021-12-27-16:26:13,10.1.1.2,2,0.000,0.000,0.000,0.000,0.000,0.000
1640622382049915136,2021-12-27-16:26:22,10.1.1.2,0,0.000,0.000,0.000,0.000,0.000,0.000
1640622382708879872,2021-12-27-16:26:22,10.1.1.2,1,0.000,0.000,0.000,0.000,0.000,0.000
1640622383788585984,2021-12-27-16:26:23,10.1.1.2,2,0.000,0.000,0.000,0.000,0.000,0.000
1640622384230097152,2021-12-27-16:26:24,10.1.1.2,2,0.000,0.000,0.000,0.000,0.000,0.000
1640622389661732864,2021-12-27-16:26:29,10.1.1.2,0,0.000,0.000,0.000,0.000,0.000,0.000
1640622392575664128,2021-12-27-16:26:32,10.1.1.2,1,0.000,0.000,0.000,0.000,0.000,0.000
1640622401334515200,2021-12-27-16:26:41,10.1.1.2,0,0.000,0.000,0.000,0.000,0.000,0.000
1640622404355386880,2021-12-27-16:26:44,10.1.1.2,2,0.000,0.000,0.000,0.000,0.000,0.000
1640622407738104064,2021-12-27-16:26:47,10.1.1.2,1,0.000,0.000,0.000,0.000,0.000,0.000
1640622409614052096,2021-12-27-16:26:49,10.1.1.2,0,0.000,0.000,0.000,0.000,0.000,0.000
1640622411112961024,2021-12-27-16:26:51,10.1.1.2,0,0.000,0.000,0.000,0.000,0.000,0.000
1640622414392029952,2021-12-27-16:26:54,10.1.1.2,3,0.000,0.000,0.000,0.000,0.000,0.000
1640622423457261056,2021-12-27-16:27:03,10.1.1.2,2,0.000,0.000,0.000,0.000,0.000,0.000
1640622432299305984,2021-12-27-16:27:12,10.1.1.2,1,0.000,0.000,0.000,0.000,0.000,0.000
1640622440114011136,2021-12-27-16:27:20,10.1.1.2,2,0.000,0.000,0.000,0.000,0.000,0.000
1640622441293457152,2021-12-27-16:27:21,10.1.1.2,2,0.000,0.000,0.000,0.000,0.000,0.000
1640622441573387008,2021-12-27-16:27:21,10.1.1.2,2,0.000,0.000,0.000,0.000,0.000,0.000
1640622444713211136,2021-12-27-16:27:24,10.1.1.2,2,0.000,0.000,0.000,0.000,0.000,0.000
1640622448128262912,2021-12-27-16:27:28,10.1.1.2,1,0.000,0.000,0.000,0.000,0.000,0.000
1640622452083708160,2021-12-27-16:27:32,10.1.1.2,1,0.000,0.000,0.000,0.000,0.000,0.000
1640622456555289088,2021-12-27-16:27:36,10.1.1.2,1,0.000,0.000,0.000,0.000,0.000,0.000
1640622459235393024,2021-12-27-16:27:39,10.1.1.2,7,0.000,0.000,0.000,0.000,0.000,0.000
1640622459870654976,2021-12-27-16:27:39,10.1.1.2,3,0.000,0.000,0.000,0.000,0.000,0.000
1640622463226674944,2021-12-27-16:27:43,10.1.1.2,7,0.000,0.000,0.000,0.000,0.000,0.000
1640622463927364096,2021-12-27-16:27:43,10.1.1.2,0,0.000,0.000,0.000,0.000,0.000,0.000
1640622465673437184,2021-12-27-16:27:45,10.1.1.2,2,0.000,0.000,0.000,0.000,0.000,0.000
1640622465971342080,2021-12-27-16:27:45,10.1.1.2,2,0.000,0.000,0.000,0.000,0.000,0.000
1640622466350994176,2021-12-27-16:27:46,10.1.1.2,1,0.000,0.000,0.000,0.000,0.000,0.000
1640622469268403968,2021-12-27-16:27:49,10.1.1.2,2,0.000,0.000,0.000,0.000,0.000,0.000
1640622473573623808,2021-12-27-16:27:53,10.1.1.2,2,0.000,0.000,0.000,0.000,0.000,0.000
1640622477130722048,2021-12-27-16:27:57,10.1.1.2,1,0.000,0.000,0.000,0.000,0.000,0.000
1640622479870283008,2021-12-27-16:27:59,10.1.1.2,0,0.000,0.000,0.000,0.000,0.000,0.000
1640622481146722048,2021-12-27-16:28:01,10.1.1.2,0,0.000,0.000,0.000,0.000,0.000,0.000
1640622484313886976,2021-12-27-16:28:04,10.1.1.2,2,0.000,0.000,0.000,0.000,0.000,0.000
1640622485360574976,2021-12-27-16:28:05,10.1.1.2,2,0.000,0.000,0.000,0.000,0.000,0.000
1640622488671297024,2021-12-27-16:28:08,10.1.1.2,2,0.000,0.000,0.000,0.000,0.000,0.000
1640622491731326208,2021-12-27-16:28:11,10.1.1.2,2,0.000,0.000,0.000,0.000,0.000,0.000
1640622493641777152,2021-12-27-16:28:13,10.1.1.2,1,0.000,0.000,0.000,0.000,0.000,0.000
1640622495384395008,2021-12-27-16:28:15,10.1.1.2,0,0.000,0.000,0.000,0.000,0.000,0.000
1640622495792710144,2021-12-27-16:28:15,10.1.1.2,0,0.000,0.000,0.000,0.000,0.000,0.000
1640622496267427840,2021-12-27-16:28:16,10.1.1.2,1,0.000,0.000,0.000,0.000,0.000,0.000
1640622499993524992,2021-12-27-16:28:19,10.1.1.2,2,0.000,0.000,0.000,0.000,0.000,0.000
1640622503136163072,2021-12-27-16:28:23,10.1.1.2,1,0.000,0.000,0.000,0.000,0.000,0.000
1640622508112956928,2021-12-27-16:28:28,10.1.1.2,1,0.000,0.000,0.000,0.000,0.000,0.000
1640622509453423104,2021-12-27-16:28:29,10.1.1.2,0,0.000,0.000,0.000,0.000,0.000,0.000
1640622512807476992,2021-12-27-16:28:32,10.1.1.2,1,0.000,0.000,0.000,0.000,0.000,0.000
1640622520142030080,2021-12-27-16:28:40,10.1.1.2,3,0.000,0.000,0.000,0.000,0.000,0.000
1640622522556143872,2021-12-27-16:28:42,10.1.1.2,3,0.000,0.000,0.000,0.000,0.000,0.000
1640622523188184064,2021-12-27-16:28:43,10.1.1.2,1,0.000,0.000,0.000,0.000,0.000,0.000
1640622523595278080,2021-12-27-16:28:43,10.1.1.2,1,0.000,0.000,0.000,0.000,0.000,0.000
1640622524363972864,2021-12-27-16:28:44,10.1.1.2,2,0.000,0.000,0.000,0.000,0.000,0.000
1640622527064322048,2021-12-27-16:28:47,10.1.1.2,1,0.000,0.000,0.000,0.000,0.000,0.000
1640622527585509888,2021-12-27-16:28:47,10.1.1.2,1,0.000,0.000,0.000,0.000,0.000,0.000
1640622529832531968,2021-12-27-16:28:49,10.1.1.2,2,0.000,0.000,0.000,0.000,0.000,0.000
1640622530090027008,2021-12-27-16:28:50,10.1.1.2,3,0.000,0.000,0.000,0.000,0.000,0.000
1640622531271707136,2021-12-27-16:28:51,10.1.1.2,1,0.000,0.000,0.000,0.000,0.000,0.000
1640622533292192000,2021-12-27-16:28:53,10.1.1.2,0,0.000,0.000,0.000,0.000,0.000,0.000
1640622533607113984,2021-12-27-16:28:53,10.1.1.2,3,0.000,0.000,0.000,0.000,0.000,0.000
1640622537673153024,2021-12-27-16:28:57,10.1.1.2,2,0.000,0.000,0.000,0.000,0.000,0.000
1640622538411853056,2021-12-27-16:28:58,10.1.1.2,1,0.000,0.000,0.000,0.000,0.000,0.000
1640622539861562112,2021-12-27-16:28:59,10.1.1.2,2,0.000,0.000,0.000,0.000,0.000,0.000
1640622541000303104,2021-12-27-16:29:01,10.1.1.2,2,0.000,0.000,0.000,0.000,0.000,0.000
1640622542947873024,2021-12-27-16:29:02,10.1.1.2,2,0.000,0.000,0.000,0.000,0.000,0.000
1640622543846205952,2021-12-27-16:29:03,10.1.1.2,2,0.000,0.000,0.000,0.000,0.000,0.000
1640622544147699968,2021-12-27-16:29:04,10.1.1.2,2,0.000,0.000,0.000,0.000,0.000,0.000
1640622545026799872,2021-12-27-16:29:05,10.1.1.2,2,0.000,0.000,0.000,0.000,0.000,0.000
1640622550857943040,2021-12-27-16:29:10,10.1.1.2,1,0.000,0.000,0.000,0.000,0.000,0.000
1640622553971949056,2021-12-27-16:29:13,10.1.1.2,2,0.000,0.000,0.000,0.000,0.000,0.000
1640622554470662144,2021-12-27-16:29:14,10.1.1.2,1,0.000,0.000,0.000,0.000,0.000,0.000
1640622556527373056,2021-12-27-16:29:16,10.1.1.2,1,0.000,0.000,0.000,0.000,0.000,0.000
1640622559379899904,2021-12-27-16:29:19,10.1.1.2,1,0.000,0.000,0.000,0.000,0.000,0.000
1640622561221167104,2021-12-27-16:29:21,10.1.1.2,2,0.000,0.000,0.000,0.000,0.000,0.000
1640622561768553984,2021-12-27-16:29:21,10.1.1.2,0,0.000,0.000,0.000,0.000,0.000,0.000
1640622573254019072,2021-12-27-16:29:33,10.1.1.2,0,0.000,0.000,0.000,0.000,0.000,0.000
1640622581920919040,2021-12-27-16:29:41,10.1.1.2,1,0.000,0.000,0.000,0.000,0.000,0.000
1640622583914403072,2021-12-27-16:29:43,10.1.1.2,1,0.000,0.000,0.000,0.000,0.000,0.000
1640622584153455104,2021-12-27-16:29:44,10.1.1.2,1,0.000,0.000,0.000,0.000,0.000,0.000
1640622586016527872,2021-12-27-16:29:46,10.1.1.2,3,0.000,0.000,0.000,0.000,0.000,0.000
1640622586259136000,2021-12-27-16:29:46,10.1.1.2,1,0.000,0.000,0.000,0.000,0.000,0.000
1640622587014306048,2021-12-27-16:29:47,10.1.1.2,2,0.000,0.000,0.000,0.000,0.000,0.000
1640622590588115968,2021-12-27-16:29:50,10.1.1.2,0,0.000,0.000,0.000,0.000,0.000,0.000
1640622591595127040,2021-12-27-16:29:51,10.1.1.2,2,0.000,0.000,0.000,0.000,0.000,0.000
1640622592088608000,2021-12-27-16:29:52,10.1.1.2,1,0.000,0.000,0.000,0.000,0.000,0.000
1640622592357702144,2021-12-27-16:29:52,10.1.1.2,2,0.000,0.000,0.000,0.000,0.000,0.000
1640622592906567168,2021-12-27-16:29:52,10.1.1.2,1,0.000,0.000,0.000,0.000,0.000,0.000
1640622593167799040,2021-12-27-16:29:53,10.1.1.2,2,0.000,0.000,0.000,0.000,0.000,0.000
1640622594186919936,2021-12-27-16:29:54,10.1.1.2,2,0.000,0.000,0.000,0.000,0.000,0.000
1640622594406956032,2021-12-27-16:29:54,10.1.1.2,1,0.000,0.000,0.000,0.000,0.000,0.000
1640622596770162176,2021-12-27-16:29:56,10.1.1.2,2,0.000,0.000,0.000,0.000,0.000,0.000
1640622601631666944,2021-12-27-16:30:01,10.1.1.2,2,0.000,0.000,0.000,0.000,0.000,0.000
1640622601891331840,2021-12-27-16:30:01,10.1.1.2,1,0.000,0.000,0.000,0.000,0.000,0.000
1640622603351342080,2021-12-27-16:30:03,10.1.1.2,2,0.000,0.000,0.000,0.000,0.000,0.000
1640622605329575936,2021-12-27-16:30:05,10.1.1.2,3,0.000,0.000,0.000,0.000,0.000,0.000
1640622605848118016,2021-12-27-16:30:05,10.1.1.2,1,0.000,0.000,0.000,0.000,0.000,0.000
1640622607387101952,2021-12-27-16:30:07,10.1.1.2,3,0.000,0.000,0.000,0.000,0.000,0.000
1640622607645970176,2021-12-27-16:30:07,10.1.1.2,1,0.000,0.000,0.000,0.000,0.000,0.000
1640622611181901056,2021-12-27-16:30:11,10.1.1.2,1,0.000,0.000,0.000,0.000,0.000,0.000
1640622616535064832,2021-12-27-16:30:16,10.1.1.2,2,0.000,0.000,0.000,0.000,0.000,0.000
1640622616792699136,2021-12-27-16:30:16,10.1.1.2,2,0.000,0.000,0.000,0.000,0.000,0.000
1640622617073665024,2021-12-27-16:30:17,10.1.1.2,4,0.000,0.000,0.000,0.000,0.000,0.000
1640622618671345920,2021-12-27-16:30:18,10.1.1.2,3,0.000,0.000,0.000,0.000,0.000,0.000
1640622621932990976,2021-12-27-16:30:21,10.1.1.2,2,0.000,0.000,0.000,0.000,0.000,0.000
1640622622152777984,2021-12-27-16:30:22,10.1.1.2,1,0.000,0.000,0.000,0.000,0.000,0.000
1640622626319504896,2021-12-27-16:30:26,10.1.1.2,1,0.000,0.000,0.000,0.000,0.000,0.000
1640622628290684928,2021-12-27-16:30:28,10.1.1.2,2,0.000,0.000,0.000,0.000,0.000,0.000
1640622629412455936,2021-12-27-16:30:29,10.1.1.2,2,0.000,0.000,0.000,0.000,0.000,0.000
1640622629832909056,2021-12-27-16:30:29,10.1.1.2,2,0.000,0.000,0.000,0.000,0.000,0.000
1640622631594088960,2021-12-27-16:30:31,10.1.1.2,4,0.000,0.000,0.000,0.000,0.000,0.000
1640622634536274944,2021-12-27-16:30:34,10.1.1.2,1,0.000,0.000,0.000,0.000,0.000,0.000
1640622636493655808,2021-12-27-16:30:36,10.1.1.2,1,0.000,0.000,0.000,0.000,0.000,0.000
1640622640451023104,2021-12-27-16:30:40,10.1.1.2,1,0.000,0.000,0.000,0.000,0.000,0.000
1640622642666702080,2021-12-27-16:30:42,10.1.1.2,2,0.000,0.000,0.000,0.000,0.000,0.000
1640622644519097088,2021-12-27-16:30:44,10.1.1.2,6,0.000,0.000,0.000,0.000,0.000,0.000
1640622646621054976,2021-12-27-16:30:46,10.1.1.2,2,0.000,0.000,0.000,0.000,0.000,0.000
1640622649779134976,2021-12-27-16:30:49,10.1.1.2,1,0.000,0.000,0.000,0.000,0.000,0.000
1640622650395038976,2021-12-27-16:30:50,10.1.1.2,1,0.000,0.000,0.000,0.000,0.000,0.000
1640622651159116032,2021-12-27-16:30:51,10.1.1.2,4,0.000,0.000,0.000,0.000,0.000,0.000
1640622651773166848,2021-12-27-16:30:51,10.1.1.2,5,0.000,0.000,0.000,0.000,0.000,0.000
1640622652583858944,2021-12-27-16:30:52,10.1.1.2,1,0.000,0.000,0.000,0.000,0.000,0.000
1640622652844909056,2021-12-27-16:30:52,10.1.1.2,6,0.000,0.000,0.000,0.000,0.000,0.000
1640622654239623936,2021-12-27-16:30:54,10.1.1.2,2,0.000,0.000,0.000,0.000,0.000,0.000
1640622659693184000,2021-12-27-16:30:59,10.1.1.2,1,0.000,0.000,0.000,0.000,0.000,0.000
1640622662835761920,2021-12-27-16:31:02,10.1.1.2,1,0.000,0.000,0.000,0.000,0.000,0.000
1640622663596229120,2021-12-27-16:31:03,10.1.1.2,1,0.000,0.000,0.000,0.000,0.000,0.000
1640622664737063936,2021-12-27-16:31:04,10.1.1.2,0,0.000,0.000,0.000,0.000,0.000,0.000
1640622665475832832,2021-12-27-16:31:05,10.1.1.2,2,0.000,0.000,0.000,0.000,0.000,0.000
1640622666837021184,2021-12-27-16:31:06,10.1.1.2,0,0.000,0.000,0.000,0.000,0.000,0.000
1640622669175899136,2021-12-27-16:31:09,10.1.1.2,0,0.000,0.000,0.000,0.000,0.000,0.000
1640622669693990912,2021-12-27-16:31:09,10.1.1.2,3,0.000,0.000,0.000,0.000,0.000,0.000
1640622670795543808,2021-12-27-16:31:10,10.1.1.2,2,0.000,0.000,0.000,0.000,0.000,0.000
1640622671984915968,2021-12-27-16:31:11,10.1.1.2,1,0.000,0.000,0.000,0.000,0.000,0.000
1640622672612020992,2021-12-27-16:31:12,10.1.1.2,1,0.000,0.000,0.000,0.000,0.000,0.000
1640622673372084992,2021-12-27-16:31:13,10.1.1.2,2,0.000,0.000,0.000,0.000,0.000,0.000
1640622675206896128,2021-12-27-16:31:15,10.1.1.2,2,0.000,0.000,0.000,0.000,0.000,0.000
1640622675587169792,2021-12-27-16:31:15,10.1.1.2,0,0.000,0.000,0.000,0.000,0.000,0.000
1640622676347604992,2021-12-27-16:31:16,10.1.1.2,2,0.000,0.000,0.000,0.000,0.000,0.000
1640622677847207936,2021-12-27-16:31:17,10.1.1.2,3,0.000,0.000,0.000,0.000,0.000,0.000
1640622679961699840,2021-12-27-16:31:19,10.1.1.2,1,0.000,0.000,0.000,0.000,0.000,0.000
1640622680161895936,2021-12-27-16:31:20,10.1.1.2,0,0.000,0.000,0.000,0.000,0.000,0.000
1640622681278510080,2021-12-27-16:31:21,10.1.1.2,1,0.000,0.000,0.000,0.000,0.000,0.000
1640622683259686912,2021-12-27-16:31:23,10.1.1.2,1,0.000,0.000,0.000,0.000,0.000,0.000
1640622683435923200,2021-12-27-16:31:23,10.1.1.2,5,0.000,0.000,0.000,0.000,0.000,0.000
1640622684954763776,2021-12-27-16:31:24,10.1.1.2,1,0.000,0.000,0.000,0.000,0.000,0.000
1640622685154865920,2021-12-27-16:31:25,10.1.1.2,1,0.000,0.000,0.000,0.000,0.000,0.000
1640622687357883904,2021-12-27-16:31:27,10.1.1.2,1,0.000,0.000,0.000,0.000,0.000,0.000
1640622690467988992,2021-12-27-16:31:30,10.1.1.2,1,0.000,0.000,0.000,0.000,0.000,0.000
1640622692614543872,2021-12-27-16:31:32,10.1.1.2,1,0.000,0.000,0.000,0.000,0.000,0.000
1640622693693172992,2021-12-27-16:31:33,10.1.1.2,1,0.000,0.000,0.000,0.000,0.000,0.000
1640622694176297984,2021-12-27-16:31:34,10.1.1.2,2,0.000,0.000,0.000,0.000,0.000,0.000
1640622698494893056,2021-12-27-16:31:38,10.1.1.2,0,0.000,0.000,0.000,0.000,0.000,0.000
1640622698736417024,2021-12-27-16:31:38,10.1.1.2,3,0.000,0.000,0.000,0.000,0.000,0.000
1640622699893573888,2021-12-27-16:31:39,10.1.1.2,1,0.000,0.000,0.000,0.000,0.000,0.000
1640622702112154112,2021-12-27-16:31:42,10.1.1.2,1,0.000,0.000,0.000,0.000,0.000,0.000
1640622702295033088,2021-12-27-16:31:42,10.1.1.2,-1,-0.010,-0.010,-0.010,0.000,0.000,0.000
1640622705970660096,2021-12-27-16:31:45,10.1.1.2,4,0.000,0.000,0.000,0.000,0.000,0.000
1640622707347569920,2021-12-27-16:31:47,10.1.1.2,1,0.000,0.000,0.000,0.000,0.000,0.000
1640622712339528960,2021-12-27-16:31:52,10.1.1.2,0,0.000,0.000,0.000,0.000,0.000,0.000
1640622718395212800,2021-12-27-16:31:58,10.1.1.2,2,0.000,0.000,0.000,0.000,0.000,0.000
1640622719327395072,2021-12-27-16:31:59,10.1.1.2,1,0.000,0.000,0.000,0.000,0.000,0.000
1640622720623959040,2021-12-27-16:32:00,10.1.1.2,1,0.000,0.000,0.000,0.000,0.000,0.000
1640622720844734976,2021-12-27-16:32:00,10.1.1.2,1,0.000,0.000,0.000,0.000,0.000,0.000
1640622723268647936,2021-12-27-16:32:03,10.1.1.2,2,0.000,0.000,0.000,0.000,0.000,0.000
1640622724421315072,2021-12-27-16:32:04,10.1.1.2,0,0.000,0.000,0.000,0.000,0.000,0.000
1640622725070235904,2021-12-27-16:32:05,10.1.1.2,1,0.000,0.000,0.000,0.000,0.000,0.000
1640622729366290176,2021-12-27-16:32:09,10.1.1.2,1,0.000,0.000,0.000,0.000,0.000,0.000
1640622734628869120,2021-12-27-16:32:14,10.1.1.2,1,0.000,0.000,0.000,0.000,0.000,0.000
1640622737845287936,2021-12-27-16:32:17,10.1.1.2,3,0.000,0.000,0.000,0.000,0.000,0.000
1640622738905426944,2021-12-27-16:32:18,10.1.1.2,2,0.000,0.000,0.000,0.000,0.000,0.000
1640622739143179776,2021-12-27-16:32:19,10.1.1.2,1,0.000,0.000,0.000,0.000,0.000,0.000
1640622739642734080,2021-12-27-16:32:19,10.1.1.2,0,0.000,0.000,0.000,0.000,0.000,0.000
1640622742077747200,2021-12-27-16:32:22,10.1.1.2,1,0.000,0.000,0.000,0.000,0.000,0.000
1640622743279234816,2021-12-27-16:32:23,10.1.1.2,1,0.000,0.000,0.000,0.000,0.000,0.000
1640622743558636032,2021-12-27-16:32:23,10.1.1.2,2,0.000,0.000,0.000,0.000,0.000,0.000
1640622745866324992,2021-12-27-16:32:25,10.1.1.2,1,0.000,0.000,0.000,0.000,0.000,0.000
1640622748093231872,2021-12-27-16:32:28,10.1.1.2,2,0.000,0.000,0.000,0.000,0.000,0.000
1640622748750989056,2021-12-27-16:32:28,10.1.1.2,1,0.000,0.000,0.000,0.000,0.000,0.000
1640622750049587968,2021-12-27-16:32:30,10.1.1.2,3,0.000,0.000,0.000,0.000,0.000,0.000
1640622750754388992,2021-12-27-16:32:30,10.1.1.2,1,0.000,0.000,0.000,0.000,0.000,0.000
1640622750975636992,2021-12-27-16:32:30,10.1.1.2,1,0.000,0.000,0.000,0.000,0.000,0.000
1640622751426582016,2021-12-27-16:32:31,10.1.1.2,1,0.000,0.000,0.000,0.000,0.000,0.000
1640622751675663104,2021-12-27-16:32:31,10.1.1.2,1,0.000,0.000,0.000,0.000,0.000,0.000
1640622752620163840,2021-12-27-16:32:32,10.1.1.2,2,0.000,0.000,0.000,0.000,0.000,0.000
1640622754848301056,2021-12-27-16:32:34,10.1.1.2,0,0.000,0.000,0.000,0.000,0.000,0.000
1640622757342663936,2021-12-27-16:32:37,10.1.1.2,1,0.000,0.000,0.000,0.000,0.000,0.000
1640622758362123008,2021-12-27-16:32:38,10.1.1.2,1,0.000,0.000,0.000,0.000,0.000,0.000
1640622760173582080,2021-12-27-16:32:40,10.1.1.2,2,0.000,0.000,0.000,0.000,0.000,0.000
1640622760392528896,2021-12-27-16:32:40,10.1.1.2,1,0.000,0.000,0.000,0.000,0.000,0.000
1640622760624124928,2021-12-27-16:32:40,10.1.1.2,1,0.000,0.000,0.000,0.000,0.000,0.000
1640622761282927104,2021-12-27-16:32:41,10.1.1.2,3,0.000,0.000,0.000,0.000,0.000,0.000
1640622762692486144,2021-12-27-16:32:42,10.1.1.2,1,0.000,0.000,0.000,0.000,0.000,0.000
1640622763672744960,2021-12-27-16:32:43,10.1.1.2,2,0.000,0.000,0.000,0.000,0.000,0.000
1640622768702769920,2021-12-27-16:32:48,10.1.1.2,2,0.000,0.000,0.000,0.000,0.000,0.000
1640622771216620800,2021-12-27-16:32:51,10.1.1.2,1,0.000,0.000,0.000,0.000,0.000,0.000
1640622771903874048,2021-12-27-16:32:51,10.1.1.2,2,0.000,0.000,0.000,0.000,0.000,0.000
1640622772155788032,2021-12-27-16:32:52,10.1.1.2,1,0.000,0.000,0.000,0.000,0.000,0.000
1640622772657093120,2021-12-27-16:32:52,10.1.1.2,2,0.000,0.000,0.000,0.000,0.000,0.000
1640622772942631936,2021-12-27-16:32:52,10.1.1.2,8,0.000,0.000,0.000,0.000,0.000,0.000
1640622773462192128,2021-12-27-16:32:53,10.1.1.2,1,0.000,0.000,0.000,0.000,0.000,0.000
1640622776138333184,2021-12-27-16:32:56,10.1.1.2,2,0.000,0.000,0.000,0.000,0.000,0.000
1640622776379245056,2021-12-27-16:32:56,10.1.1.2,2,0.000,0.000,0.000,0.000,0.000,0.000
1640622776839323904,2021-12-27-16:32:56,10.1.1.2,2,0.000,0.000,0.000,0.000,0.000,0.000
1640622779643740928,2021-12-27-16:32:59,10.1.1.2,1,0.000,0.000,0.000,0.000,0.000,0.000
1640622782473952000,2021-12-27-16:33:02,10.1.1.2,3,0.000,0.000,0.000,0.000,0.000,0.000
1640622783817835008,2021-12-27-16:33:03,10.1.1.2,1,0.000,0.000,0.000,0.000,0.000,0.000
1640622784018683904,2021-12-27-16:33:04,10.1.1.2,0,0.000,0.000,0.000,0.000,0.000,0.000
1640622786739006976,2021-12-27-16:33:06,10.1.1.2,2,0.000,0.000,0.000,0.000,0.000,0.000
1640622787559921152,2021-12-27-16:33:07,10.1.1.2,1,0.000,0.000,0.000,0.000,0.000,0.000
1640622791567513856,2021-12-27-16:33:11,10.1.1.2,2,0.000,0.000,0.000,0.000,0.000,0.000
1640622792886420992,2021-12-27-16:33:12,10.1.1.2,4,0.000,0.000,0.000,0.000,0.000,0.000
1640622800525253120,2021-12-27-16:33:20,10.1.1.2,1,0.000,0.000,0.000,0.000,0.000,0.000
1640622801478300928,2021-12-27-16:33:21,10.1.1.2,5,0.000,0.000,0.000,0.000,0.000,0.000
1640622801858200064,2021-12-27-16:33:21,10.1.1.2,1,0.000,0.000,0.000,0.000,0.000,0.000
1640622802047147008,2021-12-27-16:33:22,10.1.1.2,0,0.000,0.000,0.000,0.000,0.000,0.000
1640622802519481856,2021-12-27-16:33:22,10.1.1.2,2,0.000,0.000,0.000,0.000,0.000,0.000
1640622803476928000,2021-12-27-16:33:23,10.1.1.2,1,0.000,0.000,0.000,0.000,0.000,0.000
1640622805924930048,2021-12-27-16:33:25,10.1.1.2,2,0.000,0.000,0.000,0.000,0.000,0.000
1640622807161833984,2021-12-27-16:33:27,10.1.1.2,0,0.000,0.000,0.000,0.000,0.000,0.000
1640622810206204928,2021-12-27-16:33:30,10.1.1.2,0,0.000,0.000,0.000,0.000,0.000,0.000
1640622811730308096,2021-12-27-16:33:31,10.1.1.2,3,0.000,0.000,0.000,0.000,0.000,0.000
1640622813263345920,2021-12-27-16:33:33,10.1.1.2,2,0.000,0.000,0.000,0.000,0.000,0.000
1640622814169884928,2021-12-27-16:33:34,10.1.1.2,0,0.000,0.000,0.000,0.000,0.000,0.000
1640622815321871104,2021-12-27-16:33:35,10.1.1.2,3,0.000,0.000,0.000,0.000,0.000,0.000
1640622816637873920,2021-12-27-16:33:36,10.1.1.2,2,0.000,0.000,0.000,0.000,0.000,0.000
1640622817897918976,2021-12-27-16:33:37,10.1.1.2,1,0.000,0.000,0.000,0.000,0.000,0.000
1640622818253319936,2021-12-27-16:33:38,10.1.1.2,2,0.000,0.000,0.000,0.000,0.000,0.000
1640622820959582976,2021-12-27-16:33:40,10.1.1.2,0,0.000,0.000,0.000,0.000,0.000,0.000
1640622822271112960,2021-12-27-16:33:42,10.1.1.2,2,0.000,0.000,0.000,0.000,0.000,0.000
1640622824395225088,2021-12-27-16:33:44,10.1.1.2,1,0.000,0.000,0.000,0.000,0.000,0.000
1640622824605422848,2021-12-27-16:33:44,10.1.1.2,3,0.000,0.000,0.000,0.000,0.000,0.000
1640622825933665024,2021-12-27-16:33:45,10.1.1.2,3,0.000,0.000,0.000,0.000,0.000,0.000
1640622829025147904,2021-12-27-16:33:49,10.1.1.2,2,0.000,0.000,0.000,0.000,0.000,0.000
1640622833367697920,2021-12-27-16:33:53,10.1.1.2,4,0.000,0.000,0.000,0.000,0.000,0.000
1640622833794224896,2021-12-27-16:33:53,10.1.1.2,8,0.000,0.000,0.000,0.000,0.000,0.000
1640622834588749056,2021-12-27-16:33:54,10.1.1.2,1,0.000,0.000,0.000,0.000,0.000,0.000
1640622836306857984,2021-12-27-16:33:56,10.1.1.2,2,0.000,0.000,0.000,0.000,0.000,0.000
1640622838121841920,2021-12-27-16:33:58,10.1.1.2,3,0.000,0.000,0.000,0.000,0.000,0.000
1640622839510621952,2021-12-27-16:33:59,10.1.1.2,2,0.000,0.000,0.000,0.000,0.000,0.000
1640622840039133952,2021-12-27-16:34:00,10.1.1.2,2,0.000,0.000,0.000,0.000,0.000,0.000
1640622840311964160,2021-12-27-16:34:00,10.1.1.2,2,0.000,0.000,0.000,0.000,0.000,0.000
1640622842282924800,2021-12-27-16:34:02,10.1.1.2,5,0.000,0.000,0.000,0.000,0.000,0.000
1640622844323728128,2021-12-27-16:34:04,10.1.1.2,1,0.000,0.000,0.000,0.000,0.000,0.000
1640622844992145920,2021-12-27-16:34:04,10.1.1.2,3,0.000,0.000,0.000,0.000,0.000,0.000
1640622847160304896,2021-12-27-16:34:07,10.1.1.2,0,0.000,0.000,0.000,0.000,0.000,0.000
1640622847744992000,2021-12-27-16:34:07,10.1.1.2,2,0.000,0.000,0.000,0.000,0.000,0.000
1640622849641787136,2021-12-27-16:34:09,10.1.1.2,2,0.000,0.000,0.000,0.000,0.000,0.000
