timestamp,node,latency,joint_1,joint_2,joint_3,joint_4,joint_5,joint_6
1640079258099913984,"2021-12-21,09:34:18",10.1.1.13,5531,0.000,0.000,0.000,0.000,0.000,0.000
1640079260496620032,"2021-12-21,09:34:20",10.1.1.13,396,-0.010,-0.010,-0.010,0.000,0.000,0.000
1640079260533010944,"2021-12-21,09:34:20",10.1.1.13,0.43335700035095215,-0.010,-0.010,-0.010,0.000,0.000,0.000
1640079260916673024,"2021-12-21,09:34:20",10.1.1.13,382,-0.020,-0.020,-0.020,0.000,0.000,0.000
1640079260936412160,"2021-12-21,09:34:20",10.1.1.13,0.4020957946777344,-0.020,-0.020,-0.020,0.000,0.000,0.000
1640079261383774976,"2021-12-21,09:34:21",10.1.1.13,420,-0.030,-0.030,-0.030,0.000,0.000,0.000
1640079261401166080,"2021-12-21,09:34:21",10.1.1.13,0.46354103088378906,-0.030,-0.030,-0.030,0.000,0.000,0.000
1640079262053257984,"2021-12-21,09:34:22",10.1.1.13,637,-0.040,-0.040,-0.040,0.000,0.000,0.000
1640079262073196800,"2021-12-21,09:34:22",10.1.1.13,0.6557619571685791,-0.040,-0.040,-0.040,0.000,0.000,0.000
1640079262495681024,"2021-12-21,09:34:22",10.1.1.13,419,-0.050,-0.050,-0.050,0.000,0.000,0.000
1640079262551485952,"2021-12-21,09:34:22",10.1.1.13,0.47194600105285645,-0.050,-0.050,-0.050,0.000,0.000,0.000
1640079263092979968,"2021-12-21,09:34:23",10.1.1.13,529,-0.060,-0.060,-0.060,0.000,0.000,0.000
1640079263153917952,"2021-12-21,09:34:23",10.1.1.13,0.5900731086730957,-0.060,-0.060,-0.060,0.000,0.000,0.000
1640079263663337984,"2021-12-21,09:34:23",10.1.1.13,506,-0.070,-0.070,-0.070,0.000,0.000,0.000
1640079263685059072,"2021-12-21,09:34:23",10.1.1.13,0.5284709930419922,-0.070,-0.070,-0.070,0.000,0.000,0.000
1640079264289746944,"2021-12-21,09:34:24",10.1.1.13,585,-0.080,-0.080,-0.080,0.000,0.000,0.000
1640079264334900992,"2021-12-21,09:34:24",10.1.1.13,0.6304800510406494,-0.080,-0.080,-0.080,0.000,0.000,0.000
1640079264739535104,"2021-12-21,09:34:24",10.1.1.13,403,-0.090,-0.090,-0.090,0.000,0.000,0.000
1640079264784943104,"2021-12-21,09:34:24",10.1.1.13,0.4487431049346924,-0.090,-0.090,-0.090,0.000,0.000,0.000
1640079265159169792,"2021-12-21,09:34:25",10.1.1.13,372,-0.100,-0.100,-0.100,0.000,0.000,0.000
1640079265199547136,"2021-12-21,09:34:25",10.1.1.13,0.4131460189819336,-0.100,-0.100,-0.100,0.000,0.000,0.000
1640079265579008000,"2021-12-21,09:34:25",10.1.1.13,377,-0.110,-0.110,-0.110,0.000,0.000,0.000
1640079265626294016,"2021-12-21,09:34:25",10.1.1.13,0.42539000511169434,-0.110,-0.110,-0.110,0.000,0.000,0.000
1640079266044743168,"2021-12-21,09:34:26",10.1.1.13,413,-0.120,-0.120,-0.120,0.000,0.000,0.000
1640079266096691968,"2021-12-21,09:34:26",10.1.1.13,0.4656860828399658,-0.120,-0.120,-0.120,0.000,0.000,0.000
1640079266588134144,"2021-12-21,09:34:26",10.1.1.13,470,-0.130,-0.130,-0.130,0.000,0.000,0.000
1640079266647016960,"2021-12-21,09:34:26",10.1.1.13,0.5289220809936523,-0.130,-0.130,-0.130,0.000,0.000,0.000
1640079267154867968,"2021-12-21,09:34:27",10.1.1.13,0.5065701007843018,-0.140,-0.140,-0.140,0.000,0.000,0.000
1640079267156020992,"2021-12-21,09:34:27",10.1.1.13,507,-0.140,-0.140,-0.140,0.000,0.000,0.000
1640079267544226816,"2021-12-21,09:34:27",10.1.1.13,387,-0.150,-0.150,-0.150,0.000,0.000,0.000
1640079267569917952,"2021-12-21,09:34:27",10.1.1.13,0.413240909576416,-0.150,-0.150,-0.150,0.000,0.000,0.000
1640079268173910016,"2021-12-21,09:34:28",10.1.1.13,601,-0.160,-0.160,-0.160,0.000,0.000,0.000
1640079268211313920,"2021-12-21,09:34:28",10.1.1.13,0.6385900974273682,-0.160,-0.160,-0.160,0.000,0.000,0.000
1640079268644378880,"2021-12-21,09:34:28",10.1.1.13,430,-0.170,-0.170,-0.170,0.000,0.000,0.000
1640079268727510016,"2021-12-21,09:34:28",10.1.1.13,0.5135409832000732,-0.170,-0.170,-0.170,0.000,0.000,0.000
1640079269146470144,"2021-12-21,09:34:29",10.1.1.13,417,-0.180,-0.180,-0.180,0.000,0.000,0.000
1640079269188643840,"2021-12-21,09:34:29",10.1.1.13,0.4598369598388672,-0.180,-0.180,-0.180,0.000,0.000,0.000
1640079269582216960,"2021-12-21,09:34:29",10.1.1.13,391,-0.190,-0.190,-0.190,0.000,0.000,0.000
1640079269617271808,"2021-12-21,09:34:29",10.1.1.13,0.4271209239959717,-0.190,-0.190,-0.190,0.000,0.000,0.000
1640079270061120000,"2021-12-21,09:34:30",10.1.1.13,441,-0.200,-0.200,-0.200,0.000,0.000,0.000
1640079270132101120,"2021-12-21,09:34:30",10.1.1.13,0.5126159191131592,-0.200,-0.200,-0.200,0.000,0.000,0.000
1640079270491512064,"2021-12-21,09:34:30",10.1.1.13,357,-0.210,-0.210,-0.210,0.000,0.000,0.000
1640079270533387008,"2021-12-21,09:34:30",10.1.1.13,0.3997080326080322,-0.210,-0.210,-0.210,0.000,0.000,0.000
1640079270990209024,"2021-12-21,09:34:30",10.1.1.13,455,-0.220,-0.220,-0.220,0.000,0.000,0.000
1640079271043663104,"2021-12-21,09:34:31",10.1.1.13,0.5088238716125488,-0.220,-0.220,-0.220,0.000,0.000,0.000
1640079271853480960,"2021-12-21,09:34:31",10.1.1.13,462,-0.230,-0.230,-0.230,0.000,0.000,0.000
1640079271860107776,"2021-12-21,09:34:31",10.1.1.13,0.8148000240325928,-0.230,-0.230,-0.230,0.000,0.000,0.000
1640079272287368960,"2021-12-21,09:34:32",10.1.1.13,424,-0.240,-0.240,-0.240,0.000,0.000,0.000
1640079272328201984,"2021-12-21,09:34:32",10.1.1.13,0.4655630588531494,-0.240,-0.240,-0.240,0.000,0.000,0.000
1640079272745594112,"2021-12-21,09:34:32",10.1.1.13,415,-0.250,-0.250,-0.250,0.000,0.000,0.000
1640079272763844864,"2021-12-21,09:34:32",10.1.1.13,0.43425607681274414,-0.250,-0.250,-0.250,0.000,0.000,0.000
1640079273225430016,"2021-12-21,09:34:33",10.1.1.13,453,-0.260,-0.260,-0.260,0.000,0.000,0.000
1640079273277724928,"2021-12-21,09:34:33",10.1.1.13,0.505544900894165,-0.260,-0.260,-0.260,0.000,0.000,0.000
1640079273794324992,"2021-12-21,09:34:33",10.1.1.13,514,-0.270,-0.270,-0.270,0.000,0.000,0.000
1640079273869551872,"2021-12-21,09:34:33",10.1.1.13,0.5901482105255127,-0.270,-0.270,-0.270,0.000,0.000,0.000
1640079274333640192,"2021-12-21,09:34:34",10.1.1.13,462,-0.280,-0.280,-0.280,0.000,0.000,0.000
1640079274374160128,"2021-12-21,09:34:34",10.1.1.13,0.5030670166015625,-0.280,-0.280,-0.280,0.000,0.000,0.000
1640079274762135040,"2021-12-21,09:34:34",10.1.1.13,384,-0.290,-0.290,-0.290,0.000,0.000,0.000
1640079274797724928,"2021-12-21,09:34:34",10.1.1.13,0.4203062057495117,-0.290,-0.290,-0.290,0.000,0.000,0.000
1640079275263544064,"2021-12-21,09:34:35",10.1.1.13,464,-0.300,-0.300,-0.300,0.000,0.000,0.000
1640079275323468800,"2021-12-21,09:34:35",10.1.1.13,0.5237510204315186,-0.300,-0.300,-0.300,0.000,0.000,0.000
1640079275821317888,"2021-12-21,09:34:35",10.1.1.13,496,-0.310,-0.310,-0.310,0.000,0.000,0.000
1640079275884860928,"2021-12-21,09:34:35",10.1.1.13,0.5601859092712402,-0.310,-0.310,-0.310,0.000,0.000,0.000
1640079276532891136,"2021-12-21,09:34:36",10.1.1.13,631,-0.320,-0.320,-0.320,0.000,0.000,0.000
1640079276598638080,"2021-12-21,09:34:36",10.1.1.13,0.6970651149749756,-0.320,-0.320,-0.320,0.000,0.000,0.000
1640079277090161152,"2021-12-21,09:34:37",10.1.1.13,473,-0.330,-0.330,-0.330,0.000,0.000,0.000
1640079277110786048,"2021-12-21,09:34:37",10.1.1.13,0.49710893630981445,-0.330,-0.330,-0.330,0.000,0.000,0.000
1640079277551568128,"2021-12-21,09:34:37",10.1.1.13,438,-0.340,-0.340,-0.340,0.000,0.000,0.000
1640079277588943872,"2021-12-21,09:34:37",10.1.1.13,0.4756319522857666,-0.340,-0.340,-0.340,0.000,0.000,0.000
1640079277964143104,"2021-12-21,09:34:37",10.1.1.13,373,-0.350,-0.350,-0.350,0.000,0.000,0.000
1640079278030291200,"2021-12-21,09:34:38",10.1.1.13,0.4393649101257324,-0.350,-0.350,-0.350,0.000,0.000,0.000
1640079278477212928,"2021-12-21,09:34:38",10.1.1.13,445,-0.360,-0.360,-0.360,0.000,0.000,0.000
1640079278508624128,"2021-12-21,09:34:38",10.1.1.13,0.47698378562927246,-0.360,-0.360,-0.360,0.000,0.000,0.000
1640079278919030784,"2021-12-21,09:34:38",10.1.1.13,408,-0.370,-0.370,-0.370,0.000,0.000,0.000
1640079278957742080,"2021-12-21,09:34:38",10.1.1.13,0.43174099922180176,-0.370,-0.370,-0.370,0.000,0.000,0.000
1640079279632916992,"2021-12-21,09:34:39",10.1.1.13,667,-0.380,-0.380,-0.380,0.000,0.000,0.000
1640079279719543040,"2021-12-21,09:34:39",10.1.1.13,0.7495901584625244,-0.380,-0.380,-0.380,0.000,0.000,0.000
1640079280103750912,"2021-12-21,09:34:40",10.1.1.13,382,-0.390,-0.390,-0.390,0.000,0.000,0.000
1640079280121885952,"2021-12-21,09:34:40",10.1.1.13,0.4005570411682129,-0.390,-0.390,-0.390,0.000,0.000,0.000
1640079280505744896,"2021-12-21,09:34:40",10.1.1.13,381,-0.400,-0.400,-0.400,0.000,0.000,0.000
1640079280587563008,"2021-12-21,09:34:40",10.1.1.13,0.4631638526916504,-0.400,-0.400,-0.400,0.000,0.000,0.000
1640079281117795072,"2021-12-21,09:34:41",10.1.1.13,528,-0.410,-0.410,-0.410,0.000,0.000,0.000
1640079281170511872,"2021-12-21,09:34:41",10.1.1.13,0.5814869403839111,-0.410,-0.410,-0.410,0.000,0.000,0.000
1640079281539767040,"2021-12-21,09:34:41",10.1.1.13,367,-0.420,-0.420,-0.420,0.000,0.000,0.000
1640079281595406080,"2021-12-21,09:34:41",10.1.1.13,0.4234750270843506,-0.420,-0.420,-0.420,0.000,0.000,0.000
1640079282081920000,"2021-12-21,09:34:42",10.1.1.13,481,-0.430,-0.430,-0.430,0.000,0.000,0.000
1640079282160203008,"2021-12-21,09:34:42",10.1.1.13,0.5605549812316895,-0.430,-0.430,-0.430,0.000,0.000,0.000
1640079282920727040,"2021-12-21,09:34:42",10.1.1.13,0.7580740451812744,-0.440,-0.440,-0.440,0.000,0.000,0.000
1640079282907026944,"2021-12-21,09:34:42",10.1.1.13,732,-0.440,-0.440,-0.440,0.000,0.000,0.000
1640079283607812864,"2021-12-21,09:34:43",10.1.1.13,654,-0.450,-0.450,-0.450,0.000,0.000,0.000
1640079283622440960,"2021-12-21,09:34:43",10.1.1.13,0.6696491241455078,-0.450,-0.450,-0.450,0.000,0.000,0.000
1640079284061543936,"2021-12-21,09:34:44",10.1.1.13,437,-0.460,-0.460,-0.460,0.000,0.000,0.000
1640079284125775104,"2021-12-21,09:34:44",10.1.1.13,0.5014629364013672,-0.460,-0.460,-0.460,0.000,0.000,0.000
1640079284661879040,"2021-12-21,09:34:44",10.1.1.13,534,-0.470,-0.470,-0.470,0.000,0.000,0.000
1640079284696384000,"2021-12-21,09:34:44",10.1.1.13,0.5690100193023682,-0.470,-0.470,-0.470,0.000,0.000,0.000
1640079285075651840,"2021-12-21,09:34:45",10.1.1.13,377,-0.480,-0.480,-0.480,0.000,0.000,0.000
1640079285138353152,"2021-12-21,09:34:45",10.1.1.13,0.44019603729248047,-0.480,-0.480,-0.480,0.000,0.000,0.000
1640079285592380160,"2021-12-21,09:34:45",10.1.1.13,447,-0.490,-0.490,-0.490,0.000,0.000,0.000
1640079285702949120,"2021-12-21,09:34:45",10.1.1.13,0.5578880310058594,-0.490,-0.490,-0.490,0.000,0.000,0.000
1640079286186423040,"2021-12-21,09:34:46",10.1.1.13,465,-0.480,-0.480,-0.480,0.000,0.000,0.000
1640079286277786880,"2021-12-21,09:34:46",10.1.1.13,0.5570929050445557,-0.480,-0.480,-0.480,0.000,0.000,0.000
1640079287089975040,"2021-12-21,09:34:47",10.1.1.13,810,-0.470,-0.470,-0.470,0.000,0.000,0.000
1640079287117187072,"2021-12-21,09:34:47",10.1.1.13,0.8373458385467529,-0.470,-0.470,-0.470,0.000,0.000,0.000
1640079287778328064,"2021-12-21,09:34:47",10.1.1.13,546,-0.460,-0.460,-0.460,0.000,0.000,0.000
1640079287807172096,"2021-12-21,09:34:47",10.1.1.13,0.5754868984222412,-0.460,-0.460,-0.460,0.000,0.000,0.000
1640079290777128960,"2021-12-21,09:34:49",10.1.1.13,1661,-0.450,-0.450,-0.450,0.000,0.000,0.000
1640079294308837888,"2021-12-21,09:34:52",10.1.1.13,4.628082990646362,-0.450,-0.450,-0.450,0.000,0.000,0.000
1640079295365793024,"2021-12-21,09:34:55",10.1.1.13,854,-0.440,-0.440,-0.440,0.000,0.000,0.000
1640079295405235968,"2021-12-21,09:34:55",10.1.1.13,0.893916130065918,-0.440,-0.440,-0.440,0.000,0.000,0.000
1640079296107070976,"2021-12-21,09:34:56",10.1.1.13,595,-0.430,-0.430,-0.430,0.000,0.000,0.000
1640079296133259008,"2021-12-21,09:34:56",10.1.1.13,0.6584551334381104,-0.430,-0.430,-0.430,0.000,0.000,0.000
1640079296748585984,"2021-12-21,09:34:56",10.1.1.13,609,-0.420,-0.420,-0.420,0.000,0.000,0.000
1640079296804877056,"2021-12-21,09:34:56",10.1.1.13,0.6658811569213867,-0.420,-0.420,-0.420,0.000,0.000,0.000
1640079297341952000,"2021-12-21,09:34:57",10.1.1.13,526,-0.410,-0.410,-0.410,0.000,0.000,0.000
1640079297438919936,"2021-12-21,09:34:57",10.1.1.13,0.6232638359069824,-0.410,-0.410,-0.410,0.000,0.000,0.000
1640079298394203904,"2021-12-21,09:34:58",10.1.1.13,0.9305050373077393,-0.400,-0.400,-0.400,0.000,0.000,0.000
1640079298424323072,"2021-12-21,09:34:58",10.1.1.13,983,-0.400,-0.400,-0.400,0.000,0.000,0.000
1640079299095133952,"2021-12-21,09:34:59",10.1.1.13,669,-0.390,-0.390,-0.390,0.000,0.000,0.000
1640079299149449984,"2021-12-21,09:34:59",10.1.1.13,0.7235610485076904,-0.390,-0.390,-0.390,0.000,0.000,0.000
1640079299943689216,"2021-12-21,09:34:59",10.1.1.13,753,-0.380,-0.380,-0.380,0.000,0.000,0.000
1640079300215779072,"2021-12-21,09:35:00",10.1.1.13,1.0245740413665771,-0.380,-0.380,-0.380,0.000,0.000,0.000
1640079300732966912,"2021-12-21,09:35:00",10.1.1.13,511,-0.370,-0.370,-0.370,0.000,0.000,0.000
1640079300850084096,"2021-12-21,09:35:00",10.1.1.13,0.6322689056396484,-0.370,-0.370,-0.370,0.000,0.000,0.000
1640079301397639936,"2021-12-21,09:35:01",10.1.1.13,530,-0.360,-0.360,-0.360,0.000,0.000,0.000
1640079301509533952,"2021-12-21,09:35:01",10.1.1.13,0.6426839828491211,-0.360,-0.360,-0.360,0.000,0.000,0.000
1640079305725726976,"2021-12-21,09:35:03",10.1.1.13,1932,-0.350,-0.350,-0.350,0.000,0.000,0.000
1640079305998422016,"2021-12-21,09:35:05",10.1.1.13,4.467273950576782,-0.350,-0.350,-0.350,0.000,0.000,0.000
1640079306934094080,"2021-12-21,09:35:06",10.1.1.13,932,-0.340,-0.340,-0.340,0.000,0.000,0.000
1640079307067100160,"2021-12-21,09:35:07",10.1.1.13,1.0608248710632324,-0.340,-0.340,-0.340,0.000,0.000,0.000
1640079307514441984,"2021-12-21,09:35:07",10.1.1.13,445,-0.330,-0.330,-0.330,0.000,0.000,0.000
1640079307576939008,"2021-12-21,09:35:07",10.1.1.13,0.5084378719329834,-0.330,-0.330,-0.330,0.000,0.000,0.000
1640079311994153984,"2021-12-21,09:35:11",10.1.1.13,4415,-0.320,-0.320,-0.320,0.000,0.000,0.000
1640079312050873088,"2021-12-21,09:35:12",10.1.1.13,4.47221302986145,-0.320,-0.320,-0.320,0.000,0.000,0.000
1640079312760185088,"2021-12-21,09:35:12",10.1.1.13,660,-0.310,-0.310,-0.310,0.000,0.000,0.000
1640079312804211968,"2021-12-21,09:35:12",10.1.1.13,0.7049767971038818,-0.310,-0.310,-0.310,0.000,0.000,0.000
1640079313830596864,"2021-12-21,09:35:13",10.1.1.13,1014,-0.300,-0.300,-0.300,0.000,0.000,0.000
1640079313973985792,"2021-12-21,09:35:13",10.1.1.13,1.1571040153503418,-0.300,-0.300,-0.300,0.000,0.000,0.000
1640079315087352064,"2021-12-21,09:35:15",10.1.1.13,1085,-0.290,-0.290,-0.290,0.000,0.000,0.000
1640079315129177088,"2021-12-21,09:35:15",10.1.1.13,1.1274340152740479,-0.290,-0.290,-0.290,0.000,0.000,0.000
1640079315796025088,"2021-12-21,09:35:15",10.1.1.13,640,-0.280,-0.280,-0.280,0.000,0.000,0.000
1640079315846162944,"2021-12-21,09:35:15",10.1.1.13,0.6901810169219971,-0.280,-0.280,-0.280,0.000,0.000,0.000
1640079316602826240,"2021-12-21,09:35:16",10.1.1.13,663,-0.270,-0.270,-0.270,0.000,0.000,0.000
1640079316615601920,"2021-12-21,09:35:16",10.1.1.13,0.7618401050567627,-0.270,-0.270,-0.270,0.000,0.000,0.000
1640079317305844992,"2021-12-21,09:35:17",10.1.1.13,688,-0.260,-0.260,-0.260,0.000,0.000,0.000
1640079317361010176,"2021-12-21,09:35:17",10.1.1.13,0.7441558837890625,-0.260,-0.260,-0.260,0.000,0.000,0.000
1640079318120666112,"2021-12-21,09:35:18",10.1.1.13,753,-0.250,-0.250,-0.250,0.000,0.000,0.000
1640079318211781888,"2021-12-21,09:35:18",10.1.1.13,0.8444650173187256,-0.250,-0.250,-0.250,0.000,0.000,0.000
1640079318782372864,"2021-12-21,09:35:18",10.1.1.13,569,-0.240,-0.240,-0.240,0.000,0.000,0.000
1640079318898514944,"2021-12-21,09:35:18",10.1.1.13,0.6852188110351562,-0.240,-0.240,-0.240,0.000,0.000,0.000
1640079318991929088,"2021-12-21,09:35:18",10.1.1.13,-54,-0.230,-0.230,-0.230,0.000,0.000,0.000
1640079319722470912,"2021-12-21,09:35:19",10.1.1.13,0.8162639141082764,-0.230,-0.230,-0.230,0.000,0.000,0.000
1640079320362060032,"2021-12-21,09:35:20",10.1.1.13,633,-0.220,-0.220,-0.220,0.000,0.000,0.000
1640079320482361088,"2021-12-21,09:35:20",10.1.1.13,0.7537860870361328,-0.220,-0.220,-0.220,0.000,0.000,0.000
1640079321017602816,"2021-12-21,09:35:21",10.1.1.13,502,-0.210,-0.210,-0.210,0.000,0.000,0.000
1640079321084049920,"2021-12-21,09:35:21",10.1.1.13,0.569072961807251,-0.210,-0.210,-0.210,0.000,0.000,0.000
1640079321769399808,"2021-12-21,09:35:21",10.1.1.13,0.6757950782775879,-0.200,-0.200,-0.200,0.000,0.000,0.000
1640079321776411136,"2021-12-21,09:35:21",10.1.1.13,682,-0.200,-0.200,-0.200,0.000,0.000,0.000
1640079322480717056,"2021-12-21,09:35:22",10.1.1.13,703,-0.190,-0.190,-0.190,0.000,0.000,0.000
1640079322539324160,"2021-12-21,09:35:22",10.1.1.13,0.7627179622650146,-0.190,-0.190,-0.190,0.000,0.000,0.000
1640079323052516864,"2021-12-21,09:35:23",10.1.1.13,511,-0.180,-0.180,-0.180,0.000,0.000,0.000
1640079323089276928,"2021-12-21,09:35:23",10.1.1.13,0.5481410026550293,-0.180,-0.180,-0.180,0.000,0.000,0.000
1640079324002164992,"2021-12-21,09:35:24",10.1.1.13,0.8708131313323975,-0.170,-0.170,-0.170,0.000,0.000,0.000
1640079324801882112,"2021-12-21,09:35:24",10.1.1.13,0.7857677936553955,-0.160,-0.160,-0.160,0.000,0.000,0.000
1640079326034300928,"2021-12-21,09:35:25",10.1.1.13,1053,-0.150,-0.150,-0.150,0.000,0.000,0.000
1640079326040880896,"2021-12-21,09:35:26",10.1.1.13,1.1603610515594482,-0.150,-0.150,-0.150,0.000,0.000,0.000
1640079326567388160,"2021-12-21,09:35:26",10.1.1.13,515,-0.140,-0.140,-0.140,0.000,0.000,0.000
1640079326647628032,"2021-12-21,09:35:26",10.1.1.13,0.5953447818756104,-0.140,-0.140,-0.140,0.000,0.000,0.000
1640079327615778816,"2021-12-21,09:35:27",10.1.1.13,0.8438739776611328,-0.130,-0.130,-0.130,0.000,0.000,0.000
1640079327650181888,"2021-12-21,09:35:27",10.1.1.13,896,-0.130,-0.130,-0.130,0.000,0.000,0.000
1640079328123742208,"2021-12-21,09:35:28",10.1.1.13,468,-0.120,-0.120,-0.120,0.000,0.000,0.000
1640079328189533952,"2021-12-21,09:35:28",10.1.1.13,0.5347239971160889,-0.120,-0.120,-0.120,0.000,0.000,0.000
1640079328859841024,"2021-12-21,09:35:28",10.1.1.13,663,-0.110,-0.110,-0.110,0.000,0.000,0.000
1640079328910220032,"2021-12-21,09:35:28",10.1.1.13,0.7134230136871338,-0.110,-0.110,-0.110,0.000,0.000,0.000
1640079329905939968,"2021-12-21,09:35:29",10.1.1.13,0.9737279415130615,-0.100,-0.100,-0.100,0.000,0.000,0.000
1640079330531055872,"2021-12-21,09:35:30",10.1.1.13,0.612800121307373,-0.090,-0.090,-0.090,0.000,0.000,0.000
1640079330531734016,"2021-12-21,09:35:30",10.1.1.13,613,-0.090,-0.090,-0.090,0.000,0.000,0.000
1640079331321413120,"2021-12-21,09:35:31",10.1.1.13,787,-0.080,-0.080,-0.080,0.000,0.000,0.000
1640079331507988992,"2021-12-21,09:35:31",10.1.1.13,0.974315881729126,-0.080,-0.080,-0.080,0.000,0.000,0.000
1640079332465254144,"2021-12-21,09:35:32",10.1.1.13,0.9475150108337402,-0.070,-0.070,-0.070,0.000,0.000,0.000
1640079332466281984,"2021-12-21,09:35:32",10.1.1.13,948,-0.070,-0.070,-0.070,0.000,0.000,0.000
1640079333321182976,"2021-12-21,09:35:33",10.1.1.13,853,-0.060,-0.060,-0.060,0.000,0.000,0.000
1640079333491764992,"2021-12-21,09:35:33",10.1.1.13,0.9382410049438477,-0.060,-0.060,-0.060,0.000,0.000,0.000
1640079336063685888,"2021-12-21,09:35:35",10.1.1.13,2385,-0.050,-0.050,-0.050,0.000,0.000,0.000
1640079336069295872,"2021-12-21,09:35:36",10.1.1.13,2.575758934020996,-0.050,-0.050,-0.050,0.000,0.000,0.000
1640079336518707968,"2021-12-21,09:35:36",10.1.1.13,447,-0.040,-0.040,-0.040,0.000,0.000,0.000
1640079336583108864,"2021-12-21,09:35:36",10.1.1.13,0.5119359493255615,-0.040,-0.040,-0.040,0.000,0.000,0.000
1640079337129720832,"2021-12-21,09:35:37",10.1.1.13,497,-0.030,-0.030,-0.030,0.000,0.000,0.000
1640079337198443008,"2021-12-21,09:35:37",10.1.1.13,0.566335916519165,-0.030,-0.030,-0.030,0.000,0.000,0.000
1640079337637408000,"2021-12-21,09:35:37",10.1.1.13,434,-0.020,-0.020,-0.020,0.000,0.000,0.000
1640079337695704832,"2021-12-21,09:35:37",10.1.1.13,0.49260783195495605,-0.020,-0.020,-0.020,0.000,0.000,0.000
1640079338120028928,"2021-12-21,09:35:38",10.1.1.13,422,-0.010,-0.010,-0.010,0.000,0.000,0.000
1640079338188690944,"2021-12-21,09:35:38",10.1.1.13,0.48381710052490234,-0.010,-0.010,-0.010,0.000,0.000,0.000
1640079338975961856,"2021-12-21,09:35:38",10.1.1.13,780,0.000,0.000,0.000,0.000,0.000,0.000
1640079339076594944,"2021-12-21,09:35:39",10.1.1.13,0.8810839653015137,0.000,0.000,0.000,0.000,0.000,0.000
1640079339615947008,"2021-12-21,09:35:39",10.1.1.13,401,-0.010,-0.010,-0.010,0.000,0.000,0.000
1640079339658093824,"2021-12-21,09:35:39",10.1.1.13,0.4432699680328369,-0.010,-0.010,-0.010,0.000,0.000,0.000
1640079340004532224,"2021-12-21,09:35:40",10.1.1.13,344,-0.020,-0.020,-0.020,0.000,0.000,0.000
1640079340055890176,"2021-12-21,09:35:40",10.1.1.13,0.3955531120300293,-0.020,-0.020,-0.020,0.000,0.000,0.000
1640079340766427904,"2021-12-21,09:35:40",10.1.1.13,707,-0.030,-0.030,-0.030,0.000,0.000,0.000
1640079340778778112,"2021-12-21,09:35:40",10.1.1.13,0.7204148769378662,-0.030,-0.030,-0.030,0.000,0.000,0.000
1640079341342909184,"2021-12-21,09:35:41",10.1.1.13,560,-0.040,-0.040,-0.040,0.000,0.000,0.000
1640079341422276096,"2021-12-21,09:35:41",10.1.1.13,0.639794111251831,-0.040,-0.040,-0.040,0.000,0.000,0.000
1640079341596843008,"2021-12-21,09:35:41",10.1.1.13,-11,-0.050,-0.050,-0.050,0.000,0.000,0.000
1640079342799913984,"2021-12-21,09:35:42",10.1.1.13,1.1216990947723389,-0.050,-0.050,-0.050,0.000,0.000,0.000
1640079343654123008,"2021-12-21,09:35:43",10.1.1.13,838,-0.060,-0.060,-0.060,0.000,0.000,0.000
1640079343657656064,"2021-12-21,09:35:43",10.1.1.13,0.8420169353485107,-0.060,-0.060,-0.060,0.000,0.000,0.000
1640079345076056064,"2021-12-21,09:35:44",10.1.1.13,706,-0.070,-0.070,-0.070,0.000,0.000,0.000
1640079345259875072,"2021-12-21,09:35:45",10.1.1.13,1.0092170238494873,-0.070,-0.070,-0.070,0.000,0.000,0.000
1640079346401547008,"2021-12-21,09:35:46",10.1.1.13,1128,-0.080,-0.080,-0.080,0.000,0.000,0.000
1640079346689968128,"2021-12-21,09:35:46",10.1.1.13,1.4165449142456055,-0.080,-0.080,-0.080,0.000,0.000,0.000
1640079347402183936,"2021-12-21,09:35:47",10.1.1.13,696,-0.090,-0.090,-0.090,0.000,0.000,0.000
1640079348098799104,"2021-12-21,09:35:47",10.1.1.13,1.0878560543060303,-0.090,-0.090,-0.090,0.000,0.000,0.000
1640079351131913984,"2021-12-21,09:35:49",10.1.1.13,0.9522650241851807,-0.100,-0.100,-0.100,0.000,0.000,0.000
1640079351904087040,"2021-12-21,09:35:51",10.1.1.13,3276,-0.100,-0.100,-0.100,0.000,0.000,0.000
1640079353213038848,"2021-12-21,09:35:53",10.1.1.13,928,-0.110,-0.110,-0.110,0.000,0.000,0.000
1640079353273713152,"2021-12-21,09:35:53",10.1.1.13,1.0384950637817383,-0.110,-0.110,-0.110,0.000,0.000,0.000
1640079354392723968,"2021-12-21,09:35:54",10.1.1.13,1.0013129711151123,-0.120,-0.120,-0.120,0.000,0.000,0.000
1640079354393543936,"2021-12-21,09:35:54",10.1.1.13,1037,-0.120,-0.120,-0.120,0.000,0.000,0.000
1640079355484350976,"2021-12-21,09:35:55",10.1.1.13,1.0404350757598877,-0.130,-0.130,-0.130,0.000,0.000,0.000
1640079356345118976,"2021-12-21,09:35:56",10.1.1.13,706,-0.140,-0.140,-0.140,0.000,0.000,0.000
1640079356810585088,"2021-12-21,09:35:56",10.1.1.13,1.3229429721832275,-0.140,-0.140,-0.140,0.000,0.000,0.000
1640079358262268928,"2021-12-21,09:35:58",10.1.1.13,1253,-0.150,-0.150,-0.150,0.000,0.000,0.000
1640079358316133120,"2021-12-21,09:35:58",10.1.1.13,1.4611561298370361,-0.150,-0.150,-0.150,0.000,0.000,0.000
1640079359710580224,"2021-12-21,09:35:59",10.1.1.13,1297,-0.160,-0.160,-0.160,0.000,0.000,0.000
1640079359736851968,"2021-12-21,09:35:59",10.1.1.13,1.384131908416748,-0.160,-0.160,-0.160,0.000,0.000,0.000
1640079359857549056,"2021-12-21,09:35:59",10.1.1.13,-27,-0.170,-0.170,-0.170,0.000,0.000,0.000
1640079362805056000,"2021-12-21,09:36:01",10.1.1.13,2.175734043121338,-0.170,-0.170,-0.170,0.000,0.000,0.000
1640079370892332032,"2021-12-21,09:36:09",10.1.1.13,6786,-0.180,-0.180,-0.180,0.000,0.000,0.000
1640079371025545984,"2021-12-21,09:36:11",10.1.1.13,8.03450894355774,-0.180,-0.180,-0.180,0.000,0.000,0.000
1640079372383174912,"2021-12-21,09:36:12",10.1.1.13,1287,-0.190,-0.190,-0.190,0.000,0.000,0.000
1640079372459579904,"2021-12-21,09:36:12",10.1.1.13,1.364475965499878,-0.190,-0.190,-0.190,0.000,0.000,0.000
1640079373025444864,"2021-12-21,09:36:13",10.1.1.13,564,-0.200,-0.200,-0.200,0.000,0.000,0.000
1640079373061309184,"2021-12-21,09:36:13",10.1.1.13,0.6004500389099121,-0.200,-0.200,-0.200,0.000,0.000,0.000
1640079374036323072,"2021-12-21,09:36:14",10.1.1.13,0.9469699859619141,-0.210,-0.210,-0.210,0.000,0.000,0.000
1640079374047926016,"2021-12-21,09:36:14",10.1.1.13,958,-0.210,-0.210,-0.210,0.000,0.000,0.000
1640079377405206016,"2021-12-21,09:36:15",10.1.1.13,1116,-0.220,-0.220,-0.220,0.000,0.000,0.000
1640079380198801152,"2021-12-21,09:36:18",10.1.1.13,4.007294178009033,-0.220,-0.220,-0.220,0.000,0.000,0.000
1640079383150152960,"2021-12-21,09:36:21",10.1.1.13,861,-0.230,-0.230,-0.230,0.000,0.000,0.000
1640079385715079936,"2021-12-21,09:36:23",10.1.1.13,2.920732021331787,-0.230,-0.230,-0.230,0.000,0.000,0.000
1640079394781665024,"2021-12-21,09:36:34",10.1.1.13,8.181021928787231,-0.240,-0.240,-0.240,0.000,0.000,0.000
1640079395580786944,"2021-12-21,09:36:35",10.1.1.13,769,-0.250,-0.250,-0.250,0.000,0.000,0.000
1640079395679586816,"2021-12-21,09:36:35",10.1.1.13,0.8553152084350586,-0.250,-0.250,-0.250,0.000,0.000,0.000
1640079396785080832,"2021-12-21,09:36:36",10.1.1.13,0.8563499450683594,-0.260,-0.260,-0.260,0.000,0.000,0.000
1640079400409286912,"2021-12-21,09:36:40",10.1.1.13,3281,-0.270,-0.270,-0.270,0.000,0.000,0.000
1640079400433480960,"2021-12-21,09:36:40",10.1.1.13,3.4414050579071045,-0.270,-0.270,-0.270,0.000,0.000,0.000
1640079401157510144,"2021-12-21,09:36:41",10.1.1.13,704,-0.280,-0.280,-0.280,0.000,0.000,0.000
1640079401192621824,"2021-12-21,09:36:41",10.1.1.13,0.7394120693206787,-0.280,-0.280,-0.280,0.000,0.000,0.000
1640079413511919872,"2021-12-21,09:36:51",10.1.1.13,9998,-0.290,-0.290,-0.290,0.000,0.000,0.000
1640079416064229120,"2021-12-21,09:36:54",10.1.1.13,13.660372018814087,-0.290,-0.290,-0.290,0.000,0.000,0.000
1640079424040496128,"2021-12-21,09:37:02",10.1.1.13,6.251686096191406,-0.300,-0.300,-0.300,0.000,0.000,0.000
1640079438936670976,"2021-12-21,09:37:17",10.1.1.13,13.53183102607727,-0.310,-0.310,-0.310,0.000,0.000,0.000
1640079441647881984,"2021-12-21,09:37:19",10.1.1.13,15549,-0.310,-0.310,-0.310,0.000,0.000,0.000
1640079450915437824,"2021-12-21,09:37:30",10.1.1.13,7.877821922302246,-0.320,-0.320,-0.320,0.000,0.000,0.000
1640079460226771968,"2021-12-21,09:37:38",10.1.1.13,7.7802441120147705,-0.330,-0.330,-0.330,0.000,0.000,0.000
1640079473252392960,"2021-12-21,09:37:49",10.1.1.13,8.747141122817993,-0.340,-0.340,-0.340,0.000,0.000,0.000
1640079485461364992,"2021-12-21,09:38:02",10.1.1.13,7.570696830749512,-0.350,-0.350,-0.350,0.000,0.000,0.000
1640079510150671104,"2021-12-21,09:38:26",10.1.1.13,20234,-0.360,-0.360,-0.360,0.000,0.000,0.000
1640079512274343936,"2021-12-21,09:38:30",10.1.1.13,24.901882886886597,-0.360,-0.360,-0.360,0.000,0.000,0.000
1640079513334551040,"2021-12-21,09:38:33",10.1.1.13,1016,-0.370,-0.370,-0.370,0.000,0.000,0.000
1640079513430511872,"2021-12-21,09:38:33",10.1.1.13,1.1165270805358887,-0.370,-0.370,-0.370,0.000,0.000,0.000
1640079513862721024,"2021-12-21,09:38:33",10.1.1.13,424,-0.380,-0.380,-0.380,0.000,0.000,0.000
1640079513939322112,"2021-12-21,09:38:33",10.1.1.13,0.500974178314209,-0.380,-0.380,-0.380,0.000,0.000,0.000
1640079514466632960,"2021-12-21,09:38:34",10.1.1.13,508,-0.390,-0.390,-0.390,0.000,0.000,0.000
1640079514552656896,"2021-12-21,09:38:34",10.1.1.13,0.5941598415374756,-0.390,-0.390,-0.390,0.000,0.000,0.000
1640079515010833152,"2021-12-21,09:38:35",10.1.1.13,445,-0.400,-0.400,-0.400,0.000,0.000,0.000
1640079515071897856,"2021-12-21,09:38:35",10.1.1.13,0.5064990520477295,-0.400,-0.400,-0.400,0.000,0.000,0.000
1640079515491245056,"2021-12-21,09:38:35",10.1.1.13,404,-0.410,-0.410,-0.410,0.000,0.000,0.000
1640079515621326848,"2021-12-21,09:38:35",10.1.1.13,0.5348899364471436,-0.410,-0.410,-0.410,0.000,0.000,0.000
1640079516302158080,"2021-12-21,09:38:36",10.1.1.13,0.6697859764099121,-0.420,-0.420,-0.420,0.000,0.000,0.000
1640079516311959040,"2021-12-21,09:38:36",10.1.1.13,671,-0.420,-0.420,-0.420,0.000,0.000,0.000
1640079516914667008,"2021-12-21,09:38:36",10.1.1.13,602,-0.430,-0.430,-0.430,0.000,0.000,0.000
1640079517044337920,"2021-12-21,09:38:37",10.1.1.13,0.7134139537811279,-0.430,-0.430,-0.430,0.000,0.000,0.000
1640079517684382976,"2021-12-21,09:38:37",10.1.1.13,615,-0.440,-0.440,-0.440,0.000,0.000,0.000
1640079517789544192,"2021-12-21,09:38:37",10.1.1.13,0.7202680110931396,-0.440,-0.440,-0.440,0.000,0.000,0.000
1640079518547086848,"2021-12-21,09:38:38",10.1.1.13,751,-0.450,-0.450,-0.450,0.000,0.000,0.000
1640079518580064000,"2021-12-21,09:38:38",10.1.1.13,0.7844510078430176,-0.450,-0.450,-0.450,0.000,0.000,0.000
1640079519349956096,"2021-12-21,09:38:39",10.1.1.13,578,-0.460,-0.460,-0.460,0.000,0.000,0.000
1640079519437241088,"2021-12-21,09:38:39",10.1.1.13,0.6657981872558594,-0.460,-0.460,-0.460,0.000,0.000,0.000
1640079520141347840,"2021-12-21,09:38:40",10.1.1.13,661,-0.470,-0.470,-0.470,0.000,0.000,0.000
1640079520195052032,"2021-12-21,09:38:40",10.1.1.13,0.7149930000305176,-0.470,-0.470,-0.470,0.000,0.000,0.000
1640079520716049920,"2021-12-21,09:38:40",10.1.1.13,499,-0.480,-0.480,-0.480,0.000,0.000,0.000
1640079520779463936,"2021-12-21,09:38:40",10.1.1.13,0.5617799758911133,-0.480,-0.480,-0.480,0.000,0.000,0.000
1640079521307037952,"2021-12-21,09:38:41",10.1.1.13,516,-0.490,-0.490,-0.490,0.000,0.000,0.000
1640079521408766976,"2021-12-21,09:38:41",10.1.1.13,0.6183490753173828,-0.490,-0.490,-0.490,0.000,0.000,0.000
1640079522160398080,"2021-12-21,09:38:42",10.1.1.13,746,-0.480,-0.480,-0.480,0.000,0.000,0.000
1640079522240154112,"2021-12-21,09:38:42",10.1.1.13,0.8260269165039062,-0.480,-0.480,-0.480,0.000,0.000,0.000
1640079522794311168,"2021-12-21,09:38:42",10.1.1.13,533,-0.470,-0.470,-0.470,0.000,0.000,0.000
1640079522942929152,"2021-12-21,09:38:42",10.1.1.13,0.6824378967285156,-0.470,-0.470,-0.470,0.000,0.000,0.000
1640079522968808960,"2021-12-21,09:38:42",10.1.1.13,-26,-0.460,-0.460,-0.460,0.000,0.000,0.000
1640079523613650944,"2021-12-21,09:38:43",10.1.1.13,0.6651861667633057,-0.460,-0.460,-0.460,0.000,0.000,0.000
1640079524654688000,"2021-12-21,09:38:44",10.1.1.13,1025,-0.450,-0.450,-0.450,0.000,0.000,0.000
1640079524788086016,"2021-12-21,09:38:44",10.1.1.13,1.1588728427886963,-0.450,-0.450,-0.450,0.000,0.000,0.000
1640079525676690176,"2021-12-21,09:38:45",10.1.1.13,860,-0.440,-0.440,-0.440,0.000,0.000,0.000
1640079525876531968,"2021-12-21,09:38:45",10.1.1.13,1.060438871383667,-0.440,-0.440,-0.440,0.000,0.000,0.000
1640079526631895040,"2021-12-21,09:38:46",10.1.1.13,738,-0.430,-0.430,-0.430,0.000,0.000,0.000
1640079526681394944,"2021-12-21,09:38:46",10.1.1.13,0.7890150547027588,-0.430,-0.430,-0.430,0.000,0.000,0.000
1640079527130435840,"2021-12-21,09:38:47",10.1.1.13,440,-0.420,-0.420,-0.420,0.000,0.000,0.000
1640079527389069056,"2021-12-21,09:38:47",10.1.1.13,0.700206995010376,-0.420,-0.420,-0.420,0.000,0.000,0.000
1640079528557532160,"2021-12-21,09:38:48",10.1.1.13,1151,-0.410,-0.410,-0.410,0.000,0.000,0.000
1640079528806981120,"2021-12-21,09:38:48",10.1.1.13,1.4006011486053467,-0.410,-0.410,-0.410,0.000,0.000,0.000
1640079529352451072,"2021-12-21,09:38:49",10.1.1.13,539,-0.400,-0.400,-0.400,0.000,0.000,0.000
1640079529484116992,"2021-12-21,09:38:49",10.1.1.13,0.6713330745697021,-0.400,-0.400,-0.400,0.000,0.000,0.000
1640079529970094848,"2021-12-21,09:38:49",10.1.1.13,448,-0.390,-0.390,-0.390,0.000,0.000,0.000
1640079530113320192,"2021-12-21,09:38:50",10.1.1.13,0.5847198963165283,-0.390,-0.390,-0.390,0.000,0.000,0.000
1640079530971352064,"2021-12-21,09:38:50",10.1.1.13,0.8414790630340576,-0.380,-0.380,-0.380,0.000,0.000,0.000
1640079532086915072,"2021-12-21,09:38:52",10.1.1.13,1.0935988426208496,-0.370,-0.370,-0.370,0.000,0.000,0.000
1640079533021552128,"2021-12-21,09:38:53",10.1.1.13,0.9193739891052246,-0.360,-0.360,-0.360,0.000,0.000,0.000
1640079533839257088,"2021-12-21,09:38:53",10.1.1.13,794,-0.350,-0.350,-0.350,0.000,0.000,0.000
1640079534123404032,"2021-12-21,09:38:54",10.1.1.13,1.0783438682556152,-0.350,-0.350,-0.350,0.000,0.000,0.000
1640079534844090112,"2021-12-21,09:38:54",10.1.1.13,711,-0.340,-0.340,-0.340,0.000,0.000,0.000
1640079535059761152,"2021-12-21,09:38:55",10.1.1.13,0.9267740249633789,-0.340,-0.340,-0.340,0.000,0.000,0.000
1640079536040563200,"2021-12-21,09:38:56",10.1.1.13,951,-0.330,-0.330,-0.330,0.000,0.000,0.000
1640079536169668864,"2021-12-21,09:38:56",10.1.1.13,1.1014947891235352,-0.330,-0.330,-0.330,0.000,0.000,0.000
1640079536886926848,"2021-12-21,09:38:56",10.1.1.13,715,-0.320,-0.320,-0.320,0.000,0.000,0.000
1640079537067298048,"2021-12-21,09:38:57",10.1.1.13,0.8904669284820557,-0.320,-0.320,-0.320,0.000,0.000,0.000
1640079537783889152,"2021-12-21,09:38:57",10.1.1.13,704,-0.310,-0.310,-0.310,0.000,0.000,0.000
1640079537811427072,"2021-12-21,09:38:57",10.1.1.13,0.731903076171875,-0.310,-0.310,-0.310,0.000,0.000,0.000
1640079539048862976,"2021-12-21,09:38:59",10.1.1.13,1223,-0.300,-0.300,-0.300,0.000,0.000,0.000
1640079539189507072,"2021-12-21,09:38:59",10.1.1.13,1.3637468814849854,-0.300,-0.300,-0.300,0.000,0.000,0.000
1640079540031611904,"2021-12-21,09:39:00",10.1.1.13,787,-0.290,-0.290,-0.290,0.000,0.000,0.000
1640079540056845824,"2021-12-21,09:39:00",10.1.1.13,0.8180480003356934,-0.290,-0.290,-0.290,0.000,0.000,0.000
1640079540679259904,"2021-12-21,09:39:00",10.1.1.13,603,-0.280,-0.280,-0.280,0.000,0.000,0.000
1640079540814029824,"2021-12-21,09:39:00",10.1.1.13,0.7386031150817871,-0.280,-0.280,-0.280,0.000,0.000,0.000
1640079541394694144,"2021-12-21,09:39:01",10.1.1.13,573,-0.270,-0.270,-0.270,0.000,0.000,0.000
1640079541556136960,"2021-12-21,09:39:01",10.1.1.13,0.7348768711090088,-0.270,-0.270,-0.270,0.000,0.000,0.000
1640079542313213184,"2021-12-21,09:39:02",10.1.1.13,727,-0.260,-0.260,-0.260,0.000,0.000,0.000
1640079542415517184,"2021-12-21,09:39:02",10.1.1.13,0.8294990062713623,-0.260,-0.260,-0.260,0.000,0.000,0.000
1640079543353025792,"2021-12-21,09:39:03",10.1.1.13,909,-0.250,-0.250,-0.250,0.000,0.000,0.000
1640079543493424896,"2021-12-21,09:39:03",10.1.1.13,1.0440318584442139,-0.250,-0.250,-0.250,0.000,0.000,0.000
1640079544102760960,"2021-12-21,09:39:04",10.1.1.13,591,-0.240,-0.240,-0.240,0.000,0.000,0.000
1640079544274817024,"2021-12-21,09:39:04",10.1.1.13,0.7394700050354004,-0.240,-0.240,-0.240,0.000,0.000,0.000
1640079545120678912,"2021-12-21,09:39:05",10.1.1.13,837,-0.230,-0.230,-0.230,0.000,0.000,0.000
1640079545213722112,"2021-12-21,09:39:05",10.1.1.13,0.930670976638794,-0.230,-0.230,-0.230,0.000,0.000,0.000
1640079545786098944,"2021-12-21,09:39:05",10.1.1.13,565,-0.220,-0.220,-0.220,0.000,0.000,0.000
1640079545993554944,"2021-12-21,09:39:05",10.1.1.13,0.772507905960083,-0.220,-0.220,-0.220,0.000,0.000,0.000
1640079547130578944,"2021-12-21,09:39:07",10.1.1.13,1.1222100257873535,-0.210,-0.210,-0.210,0.000,0.000,0.000
1640079548182728960,"2021-12-21,09:39:08",10.1.1.13,1041,-0.200,-0.200,-0.200,0.000,0.000,0.000
1640079548253586176,"2021-12-21,09:39:08",10.1.1.13,1.1124520301818848,-0.200,-0.200,-0.200,0.000,0.000,0.000
1640079549124986880,"2021-12-21,09:39:09",10.1.1.13,864,-0.190,-0.190,-0.190,0.000,0.000,0.000
1640079549291163904,"2021-12-21,09:39:09",10.1.1.13,1.030911922454834,-0.190,-0.190,-0.190,0.000,0.000,0.000
1640079550124134912,"2021-12-21,09:39:10",10.1.1.13,808,-0.180,-0.180,-0.180,0.000,0.000,0.000
1640079550179214080,"2021-12-21,09:39:10",10.1.1.13,0.8631200790405273,-0.180,-0.180,-0.180,0.000,0.000,0.000
1640079550853379840,"2021-12-21,09:39:10",10.1.1.13,670,-0.170,-0.170,-0.170,0.000,0.000,0.000
1640079550861480960,"2021-12-21,09:39:10",10.1.1.13,0.6786081790924072,-0.170,-0.170,-0.170,0.000,0.000,0.000
1640079551565115904,"2021-12-21,09:39:11",10.1.1.13,701,-0.160,-0.160,-0.160,0.000,0.000,0.000
1640079551641403904,"2021-12-21,09:39:11",10.1.1.13,0.7700839042663574,-0.160,-0.160,-0.160,0.000,0.000,0.000
1640079552559076096,"2021-12-21,09:39:12",10.1.1.13,905,-0.150,-0.150,-0.150,0.000,0.000,0.000
1640079552595974912,"2021-12-21,09:39:12",10.1.1.13,0.9419770240783691,-0.150,-0.150,-0.150,0.000,0.000,0.000
1640079553419645952,"2021-12-21,09:39:13",10.1.1.13,821,-0.140,-0.140,-0.140,0.000,0.000,0.000
1640079553519425024,"2021-12-21,09:39:13",10.1.1.13,0.9214279651641846,-0.140,-0.140,-0.140,0.000,0.000,0.000
1640079554301415936,"2021-12-21,09:39:14",10.1.1.13,779,-0.130,-0.130,-0.130,0.000,0.000,0.000
1640079554333321216,"2021-12-21,09:39:14",10.1.1.13,0.8120110034942627,-0.130,-0.130,-0.130,0.000,0.000,0.000
1640079555025326848,"2021-12-21,09:39:15",10.1.1.13,664,-0.120,-0.120,-0.120,0.000,0.000,0.000
1640079555091425792,"2021-12-21,09:39:15",10.1.1.13,0.7428262233734131,-0.120,-0.120,-0.120,0.000,0.000,0.000
1640079555999980032,"2021-12-21,09:39:15",10.1.1.13,0.8525691032409668,-0.110,-0.110,-0.110,0.000,0.000,0.000
1640079556698292992,"2021-12-21,09:39:16",10.1.1.13,657,-0.100,-0.100,-0.100,0.000,0.000,0.000
1640079556829384960,"2021-12-21,09:39:16",10.1.1.13,0.788964033126831,-0.100,-0.100,-0.100,0.000,0.000,0.000
1640079557403183104,"2021-12-21,09:39:17",10.1.1.13,553,-0.090,-0.090,-0.090,0.000,0.000,0.000
1640079557598907904,"2021-12-21,09:39:17",10.1.1.13,0.7495560646057129,-0.090,-0.090,-0.090,0.000,0.000,0.000
1640079558262131968,"2021-12-21,09:39:18",10.1.1.13,660,-0.080,-0.080,-0.080,0.000,0.000,0.000
1640079558465699072,"2021-12-21,09:39:18",10.1.1.13,0.8646399974822998,-0.080,-0.080,-0.080,0.000,0.000,0.000
1640079559669403904,"2021-12-21,09:39:19",10.1.1.13,1.1377530097961426,-0.070,-0.070,-0.070,0.000,0.000,0.000
1640079559669811968,"2021-12-21,09:39:19",10.1.1.13,1152,-0.070,-0.070,-0.070,0.000,0.000,0.000
1640079559840989952,"2021-12-21,09:39:19",10.1.1.13,-127,-0.060,-0.060,-0.060,0.000,0.000,0.000
1640079561030600192,"2021-12-21,09:39:21",10.1.1.13,1.234208106994629,-0.060,-0.060,-0.060,0.000,0.000,0.000
1640079561893670144,"2021-12-21,09:39:21",10.1.1.13,833,-0.050,-0.050,-0.050,0.000,0.000,0.000
1640079562247920128,"2021-12-21,09:39:22",10.1.1.13,1.1923458576202393,-0.050,-0.050,-0.050,0.000,0.000,0.000
1640079563092513024,"2021-12-21,09:39:23",10.1.1.13,826,-0.040,-0.040,-0.040,0.000,0.000,0.000
1640079563413594880,"2021-12-21,09:39:23",10.1.1.13,1.1473681926727295,-0.040,-0.040,-0.040,0.000,0.000,0.000
1640079564253551104,"2021-12-21,09:39:24",10.1.1.13,825,-0.030,-0.030,-0.030,0.000,0.000,0.000
1640079564362842112,"2021-12-21,09:39:24",10.1.1.13,0.9344019889831543,-0.030,-0.030,-0.030,0.000,0.000,0.000
1640079565079747840,"2021-12-21,09:39:25",10.1.1.13,0.7153921127319336,-0.020,-0.020,-0.020,0.000,0.000,0.000
1640079565080781056,"2021-12-21,09:39:25",10.1.1.13,716,-0.020,-0.020,-0.020,0.000,0.000,0.000
1640079565939502080,"2021-12-21,09:39:25",10.1.1.13,0.8527369499206543,-0.010,-0.010,-0.010,0.000,0.000,0.000
1640079565922342912,"2021-12-21,09:39:25",10.1.1.13,835,-0.010,-0.010,-0.010,0.000,0.000,0.000
1640079566589032960,"2021-12-21,09:39:26",10.1.1.13,627,0.000,0.000,0.000,0.000,0.000,0.000
1640079566678975232,"2021-12-21,09:39:26",10.1.1.13,0.7179000377655029,0.000,0.000,0.000,0.000,0.000,0.000
1640079567427256064,"2021-12-21,09:39:27",10.1.1.13,672,-0.010,-0.010,-0.010,0.000,0.000,0.000
1640079567506313984,"2021-12-21,09:39:27",10.1.1.13,0.7516870498657227,-0.010,-0.010,-0.010,0.000,0.000,0.000
1640079568022082048,"2021-12-21,09:39:28",10.1.1.13,513,-0.020,-0.020,-0.020,0.000,0.000,0.000
1640079568259804928,"2021-12-21,09:39:28",10.1.1.13,0.7512810230255127,-0.020,-0.020,-0.020,0.000,0.000,0.000
1640079568824899840,"2021-12-21,09:39:28",10.1.1.13,561,-0.030,-0.030,-0.030,0.000,0.000,0.000
1640079569107134976,"2021-12-21,09:39:29",10.1.1.13,0.8444199562072754,-0.030,-0.030,-0.030,0.000,0.000,0.000
1640079569701059072,"2021-12-21,09:39:29",10.1.1.13,527,-0.040,-0.040,-0.040,0.000,0.000,0.000
1640079569769988096,"2021-12-21,09:39:29",10.1.1.13,0.6191151142120361,-0.040,-0.040,-0.040,0.000,0.000,0.000
1640079570484071936,"2021-12-21,09:39:30",10.1.1.13,692,-0.050,-0.050,-0.050,0.000,0.000,0.000
1640079570589117952,"2021-12-21,09:39:30",10.1.1.13,0.7974200248718262,-0.050,-0.050,-0.050,0.000,0.000,0.000
1640079571243958016,"2021-12-21,09:39:31",10.1.1.13,648,-0.060,-0.060,-0.060,0.000,0.000,0.000
1640079571348711936,"2021-12-21,09:39:31",10.1.1.13,0.7528338432312012,-0.060,-0.060,-0.060,0.000,0.000,0.000
1640079572100109056,"2021-12-21,09:39:32",10.1.1.13,0.7118000984191895,-0.070,-0.070,-0.070,0.000,0.000,0.000
1640079572109714944,"2021-12-21,09:39:32",10.1.1.13,721,-0.070,-0.070,-0.070,0.000,0.000,0.000
1640079572868256000,"2021-12-21,09:39:32",10.1.1.13,753,-0.080,-0.080,-0.080,0.000,0.000,0.000
1640079572963873024,"2021-12-21,09:39:32",10.1.1.13,0.8486709594726562,-0.080,-0.080,-0.080,0.000,0.000,0.000
1640079573542017024,"2021-12-21,09:39:33",10.1.1.13,564,-0.090,-0.090,-0.090,0.000,0.000,0.000
1640079573651822080,"2021-12-21,09:39:33",10.1.1.13,0.674597978591919,-0.090,-0.090,-0.090,0.000,0.000,0.000
1640079574518019840,"2021-12-21,09:39:34",10.1.1.13,841,-0.100,-0.100,-0.100,0.000,0.000,0.000
1640079574549603840,"2021-12-21,09:39:34",10.1.1.13,0.8731498718261719,-0.100,-0.100,-0.100,0.000,0.000,0.000
1640079575397264128,"2021-12-21,09:39:35",10.1.1.13,834,-0.110,-0.110,-0.110,0.000,0.000,0.000
1640079575513504000,"2021-12-21,09:39:35",10.1.1.13,0.9502520561218262,-0.110,-0.110,-0.110,0.000,0.000,0.000
1640079576206043904,"2021-12-21,09:39:36",10.1.1.13,662,-0.120,-0.120,-0.120,0.000,0.000,0.000
1640079576344825088,"2021-12-21,09:39:36",10.1.1.13,0.8017771244049072,-0.120,-0.120,-0.120,0.000,0.000,0.000
1640079577093120000,"2021-12-21,09:39:37",10.1.1.13,715,-0.130,-0.130,-0.130,0.000,0.000,0.000
1640079577174068992,"2021-12-21,09:39:37",10.1.1.13,0.7962679862976074,-0.130,-0.130,-0.130,0.000,0.000,0.000
1640079577976954880,"2021-12-21,09:39:37",10.1.1.13,720,-0.140,-0.140,-0.140,0.000,0.000,0.000
1640079578076591104,"2021-12-21,09:39:38",10.1.1.13,0.8196558952331543,-0.140,-0.140,-0.140,0.000,0.000,0.000
1640079578707585024,"2021-12-21,09:39:38",10.1.1.13,603,-0.150,-0.150,-0.150,0.000,0.000,0.000
1640079578844749824,"2021-12-21,09:39:38",10.1.1.13,0.7342360019683838,-0.150,-0.150,-0.150,0.000,0.000,0.000
1640079579669051904,"2021-12-21,09:39:39",10.1.1.13,817,-0.160,-0.160,-0.160,0.000,0.000,0.000
1640079579769989888,"2021-12-21,09:39:39",10.1.1.13,0.9182548522949219,-0.160,-0.160,-0.160,0.000,0.000,0.000
1640079580396048896,"2021-12-21,09:39:40",10.1.1.13,602,-0.170,-0.170,-0.170,0.000,0.000,0.000
1640079580524014080,"2021-12-21,09:39:40",10.1.1.13,0.7306079864501953,-0.170,-0.170,-0.170,0.000,0.000,0.000
1640079581474947840,"2021-12-21,09:39:41",10.1.1.13,908,-0.180,-0.180,-0.180,0.000,0.000,0.000
1640079581620968192,"2021-12-21,09:39:41",10.1.1.13,1.0544052124023438,-0.180,-0.180,-0.180,0.000,0.000,0.000
1640079582564809984,"2021-12-21,09:39:42",10.1.1.13,928,-0.190,-0.190,-0.190,0.000,0.000,0.000
1640079582654243072,"2021-12-21,09:39:42",10.1.1.13,1.0182580947875977,-0.190,-0.190,-0.190,0.000,0.000,0.000
1640079583628166912,"2021-12-21,09:39:43",10.1.1.13,855,-0.200,-0.200,-0.200,0.000,0.000,0.000
1640079583805067008,"2021-12-21,09:39:43",10.1.1.13,1.032670021057129,-0.200,-0.200,-0.200,0.000,0.000,0.000
1640079584465385984,"2021-12-21,09:39:44",10.1.1.13,620,-0.210,-0.210,-0.210,0.000,0.000,0.000
1640079584668185856,"2021-12-21,09:39:44",10.1.1.13,0.8229849338531494,-0.210,-0.210,-0.210,0.000,0.000,0.000
1640079585437602048,"2021-12-21,09:39:45",10.1.1.13,767,-0.220,-0.220,-0.220,0.000,0.000,0.000
1640079585590958080,"2021-12-21,09:39:45",10.1.1.13,0.92134690284729,-0.220,-0.220,-0.220,0.000,0.000,0.000
1640079586206661888,"2021-12-21,09:39:46",10.1.1.13,608,-0.230,-0.230,-0.230,0.000,0.000,0.000
1640079586330084096,"2021-12-21,09:39:46",10.1.1.13,0.7323770523071289,-0.230,-0.230,-0.230,0.000,0.000,0.000
1640079586993261056,"2021-12-21,09:39:46",10.1.1.13,654,-0.240,-0.240,-0.240,0.000,0.000,0.000
1640079587159087872,"2021-12-21,09:39:47",10.1.1.13,0.820465087890625,-0.240,-0.240,-0.240,0.000,0.000,0.000
1640079587719544832,"2021-12-21,09:39:47",10.1.1.13,557,-0.250,-0.250,-0.250,0.000,0.000,0.000
1640079587964494848,"2021-12-21,09:39:47",10.1.1.13,0.8026900291442871,-0.250,-0.250,-0.250,0.000,0.000,0.000
1640079645449341184,"2021-12-21,09:40:45",10.1.1.13,57.48330903053284,-0.260,-0.260,-0.260,0.000,0.000,0.000
1640079646190920960,"2021-12-21,09:40:46",10.1.1.13,0.7356171607971191,-0.270,-0.270,-0.270,0.000,0.000,0.000
1640079646997814784,"2021-12-21,09:40:46",10.1.1.13,0.7907729148864746,-0.280,-0.280,-0.280,0.000,0.000,0.000
1640079647626141184,"2021-12-21,09:40:47",10.1.1.13,0.6215660572052002,-0.290,-0.290,-0.290,0.000,0.000,0.000
1640079648186844160,"2021-12-21,09:40:48",10.1.1.13,0.5469059944152832,-0.300,-0.300,-0.300,0.000,0.000,0.000
1640079648886863872,"2021-12-21,09:40:48",10.1.1.13,0.6922459602355957,-0.310,-0.310,-0.310,0.000,0.000,0.000
1640079649454399232,"2021-12-21,09:40:49",10.1.1.13,0.5650930404663086,-0.320,-0.320,-0.320,0.000,0.000,0.000
1640079650195649024,"2021-12-21,09:40:50",10.1.1.13,0.7373631000518799,-0.330,-0.330,-0.330,0.000,0.000,0.000
1640079650953377024,"2021-12-21,09:40:50",10.1.1.13,0.7346940040588379,-0.340,-0.340,-0.340,0.000,0.000,0.000
1640079651658330880,"2021-12-21,09:40:51",10.1.1.13,0.6980180740356445,-0.350,-0.350,-0.350,0.000,0.000,0.000
1640079652385032960,"2021-12-21,09:40:52",10.1.1.13,0.7026569843292236,-0.360,-0.360,-0.360,0.000,0.000,0.000
1640079652972871936,"2021-12-21,09:40:52",10.1.1.13,585,-0.370,-0.370,-0.370,0.000,0.000,0.000
1640079653059174912,"2021-12-21,09:40:53",10.1.1.13,0.67191481590271,-0.370,-0.370,-0.370,0.000,0.000,0.000
1640079653605081088,"2021-12-21,09:40:53",10.1.1.13,544,-0.380,-0.380,-0.380,0.000,0.000,0.000
1640079653677135872,"2021-12-21,09:40:53",10.1.1.13,0.6162688732147217,-0.380,-0.380,-0.380,0.000,0.000,0.000
1640079654258052096,"2021-12-21,09:40:54",10.1.1.13,575,-0.390,-0.390,-0.390,0.000,0.000,0.000
1640079654285302016,"2021-12-21,09:40:54",10.1.1.13,0.6029841899871826,-0.390,-0.390,-0.390,0.000,0.000,0.000
1640079654948280064,"2021-12-21,09:40:54",10.1.1.13,626,-0.400,-0.400,-0.400,0.000,0.000,0.000
1640079655071894016,"2021-12-21,09:40:55",10.1.1.13,0.7583730220794678,-0.400,-0.400,-0.400,0.000,0.000,0.000
1640079655715485952,"2021-12-21,09:40:55",10.1.1.13,641,-0.410,-0.410,-0.410,0.000,0.000,0.000
1640079655775536896,"2021-12-21,09:40:55",10.1.1.13,0.7015819549560547,-0.410,-0.410,-0.410,0.000,0.000,0.000
1640079656281266944,"2021-12-21,09:40:56",10.1.1.13,503,-0.420,-0.420,-0.420,0.000,0.000,0.000
1640079656438242048,"2021-12-21,09:40:56",10.1.1.13,0.6609220504760742,-0.420,-0.420,-0.420,0.000,0.000,0.000
1640079657168710912,"2021-12-21,09:40:57",10.1.1.13,727,-0.430,-0.430,-0.430,0.000,0.000,0.000
1640079657171032064,"2021-12-21,09:40:57",10.1.1.13,0.7296411991119385,-0.430,-0.430,-0.430,0.000,0.000,0.000
1640079657657125888,"2021-12-21,09:40:57",10.1.1.13,479,-0.440,-0.440,-0.440,0.000,0.000,0.000
1640079657810359040,"2021-12-21,09:40:57",10.1.1.13,0.6277298927307129,-0.440,-0.440,-0.440,0.000,0.000,0.000
1640079658462297856,"2021-12-21,09:40:58",10.1.1.13,641,-0.450,-0.450,-0.450,0.000,0.000,0.000
1640079658528114944,"2021-12-21,09:40:58",10.1.1.13,0.7112948894500732,-0.450,-0.450,-0.450,0.000,0.000,0.000
1640079659012240896,"2021-12-21,09:40:59",10.1.1.13,467,-0.460,-0.460,-0.460,0.000,0.000,0.000
1640079659191972096,"2021-12-21,09:40:59",10.1.1.13,0.6183741092681885,-0.460,-0.460,-0.460,0.000,0.000,0.000
1640079660006589952,"2021-12-21,09:41:00",10.1.1.13,802,-0.470,-0.470,-0.470,0.000,0.000,0.000
1640079660088198912,"2021-12-21,09:41:00",10.1.1.13,0.8841390609741211,-0.470,-0.470,-0.470,0.000,0.000,0.000
1640079660767553024,"2021-12-21,09:41:00",10.1.1.13,665,-0.480,-0.480,-0.480,0.000,0.000,0.000
1640079660979265024,"2021-12-21,09:41:00",10.1.1.13,0.8771240711212158,-0.480,-0.480,-0.480,0.000,0.000,0.000
1640079661510409984,"2021-12-21,09:41:01",10.1.1.13,502,-0.490,-0.490,-0.490,0.000,0.000,0.000
1640079661607211008,"2021-12-21,09:41:01",10.1.1.13,0.5991790294647217,-0.490,-0.490,-0.490,0.000,0.000,0.000
1640079662183239936,"2021-12-21,09:41:02",10.1.1.13,573,-0.480,-0.480,-0.480,0.000,0.000,0.000
1640079662315753984,"2021-12-21,09:41:02",10.1.1.13,0.706244945526123,-0.480,-0.480,-0.480,0.000,0.000,0.000
1640079663271719936,"2021-12-21,09:41:03",10.1.1.13,863,-0.470,-0.470,-0.470,0.000,0.000,0.000
1640079663369062912,"2021-12-21,09:41:03",10.1.1.13,0.9607808589935303,-0.470,-0.470,-0.470,0.000,0.000,0.000
1640079664051254016,"2021-12-21,09:41:04",10.1.1.13,671,-0.460,-0.460,-0.460,0.000,0.000,0.000
1640079664142020096,"2021-12-21,09:41:04",10.1.1.13,0.763801097869873,-0.460,-0.460,-0.460,0.000,0.000,0.000
1640079664897566208,"2021-12-21,09:41:04",10.1.1.13,753,-0.450,-0.450,-0.450,0.000,0.000,0.000
1640079665187587072,"2021-12-21,09:41:05",10.1.1.13,1.0432770252227783,-0.450,-0.450,-0.450,0.000,0.000,0.000
1640079665708935936,"2021-12-21,09:41:05",10.1.1.13,496,-0.440,-0.440,-0.440,0.000,0.000,0.000
1640079665899329024,"2021-12-21,09:41:05",10.1.1.13,0.6870648860931396,-0.440,-0.440,-0.440,0.000,0.000,0.000
1640079666500317952,"2021-12-21,09:41:06",10.1.1.13,599,-0.430,-0.430,-0.430,0.000,0.000,0.000
1640079666723443968,"2021-12-21,09:41:06",10.1.1.13,0.8222780227661133,-0.430,-0.430,-0.430,0.000,0.000,0.000
1640079667172168960,"2021-12-21,09:41:07",10.1.1.13,440,-0.420,-0.420,-0.420,0.000,0.000,0.000
1640079667268771840,"2021-12-21,09:41:07",10.1.1.13,0.5366790294647217,-0.420,-0.420,-0.420,0.000,0.000,0.000
1640079668064479232,"2021-12-21,09:41:08",10.1.1.13,791,-0.410,-0.410,-0.410,0.000,0.000,0.000
1640079668110398976,"2021-12-21,09:41:08",10.1.1.13,0.8392519950866699,-0.410,-0.410,-0.410,0.000,0.000,0.000
1640079668773178112,"2021-12-21,09:41:08",10.1.1.13,660,-0.400,-0.400,-0.400,0.000,0.000,0.000
1640079668792558080,"2021-12-21,09:41:08",10.1.1.13,0.6803479194641113,-0.400,-0.400,-0.400,0.000,0.000,0.000
1640079669363201024,"2021-12-21,09:41:09",10.1.1.13,562,-0.390,-0.390,-0.390,0.000,0.000,0.000
1640079669477011968,"2021-12-21,09:41:09",10.1.1.13,0.6760051250457764,-0.390,-0.390,-0.390,0.000,0.000,0.000
1640079670114914048,"2021-12-21,09:41:10",10.1.1.13,615,-0.380,-0.380,-0.380,0.000,0.000,0.000
1640079670192718080,"2021-12-21,09:41:10",10.1.1.13,0.7000119686126709,-0.380,-0.380,-0.380,0.000,0.000,0.000
1640079670794806016,"2021-12-21,09:41:10",10.1.1.13,583,-0.370,-0.370,-0.370,0.000,0.000,0.000
1640079670830099200,"2021-12-21,09:41:10",10.1.1.13,0.621891975402832,-0.370,-0.370,-0.370,0.000,0.000,0.000
1640079671513780992,"2021-12-21,09:41:11",10.1.1.13,675,-0.360,-0.360,-0.360,0.000,0.000,0.000
1640079671604870144,"2021-12-21,09:41:11",10.1.1.13,0.771914005279541,-0.360,-0.360,-0.360,0.000,0.000,0.000
1640079672078434048,"2021-12-21,09:41:12",10.1.1.13,458,-0.350,-0.350,-0.350,0.000,0.000,0.000
1640079672242515968,"2021-12-21,09:41:12",10.1.1.13,0.628864049911499,-0.350,-0.350,-0.350,0.000,0.000,0.000
1640079672787405056,"2021-12-21,09:41:12",10.1.1.13,520,-0.340,-0.340,-0.340,0.000,0.000,0.000
1640079672857476864,"2021-12-21,09:41:12",10.1.1.13,0.5744609832763672,-0.340,-0.340,-0.340,0.000,0.000,0.000
1640079673603558912,"2021-12-21,09:41:13",10.1.1.13,717,-0.330,-0.330,-0.330,0.000,0.000,0.000
1640079673665152000,"2021-12-21,09:41:13",10.1.1.13,0.7824549674987793,-0.330,-0.330,-0.330,0.000,0.000,0.000
1640079674196559872,"2021-12-21,09:41:14",10.1.1.13,525,-0.320,-0.320,-0.320,0.000,0.000,0.000
1640079674260823040,"2021-12-21,09:41:14",10.1.1.13,0.5899510383605957,-0.320,-0.320,-0.320,0.000,0.000,0.000
1640079674832715008,"2021-12-21,09:41:14",10.1.1.13,569,-0.310,-0.310,-0.310,0.000,0.000,0.000
1640079674936594944,"2021-12-21,09:41:14",10.1.1.13,0.6732418537139893,-0.310,-0.310,-0.310,0.000,0.000,0.000
1640079675585549056,"2021-12-21,09:41:15",10.1.1.13,630,-0.300,-0.300,-0.300,0.000,0.000,0.000
1640079675724983808,"2021-12-21,09:41:15",10.1.1.13,0.7750728130340576,-0.300,-0.300,-0.300,0.000,0.000,0.000
1640079676320205824,"2021-12-21,09:41:16",10.1.1.13,592,-0.290,-0.290,-0.290,0.000,0.000,0.000
1640079676425883904,"2021-12-21,09:41:16",10.1.1.13,0.6983740329742432,-0.290,-0.290,-0.290,0.000,0.000,0.000
1640079677056663040,"2021-12-21,09:41:17",10.1.1.13,628,-0.280,-0.280,-0.280,0.000,0.000,0.000
1640079677110945024,"2021-12-21,09:41:17",10.1.1.13,0.6826529502868652,-0.280,-0.280,-0.280,0.000,0.000,0.000
1640079677762450944,"2021-12-21,09:41:17",10.1.1.13,639,-0.270,-0.270,-0.270,0.000,0.000,0.000
1640079677855560192,"2021-12-21,09:41:17",10.1.1.13,0.7329239845275879,-0.270,-0.270,-0.270,0.000,0.000,0.000
1640079678363877120,"2021-12-21,09:41:18",10.1.1.13,503,-0.260,-0.260,-0.260,0.000,0.000,0.000
1640079678499923968,"2021-12-21,09:41:18",10.1.1.13,0.6399359703063965,-0.260,-0.260,-0.260,0.000,0.000,0.000
1640079679206633984,"2021-12-21,09:41:19",10.1.1.13,0.7039539813995361,-0.250,-0.250,-0.250,0.000,0.000,0.000
1640079679742312960,"2021-12-21,09:41:19",10.1.1.13,529,-0.240,-0.240,-0.240,0.000,0.000,0.000
1640079679853967872,"2021-12-21,09:41:19",10.1.1.13,0.6443262100219727,-0.240,-0.240,-0.240,0.000,0.000,0.000
1640079680478373888,"2021-12-21,09:41:20",10.1.1.13,607,-0.230,-0.230,-0.230,0.000,0.000,0.000
1640079680708306944,"2021-12-21,09:41:20",10.1.1.13,0.8378071784973145,-0.230,-0.230,-0.230,0.000,0.000,0.000
1640079681241081856,"2021-12-21,09:41:21",10.1.1.13,516,-0.220,-0.220,-0.220,0.000,0.000,0.000
1640079681312293120,"2021-12-21,09:41:21",10.1.1.13,0.5879979133605957,-0.220,-0.220,-0.220,0.000,0.000,0.000
1640079681718818048,"2021-12-21,09:41:21",10.1.1.13,404,-0.210,-0.210,-0.210,0.000,0.000,0.000
1640079681797861120,"2021-12-21,09:41:21",10.1.1.13,0.48343920707702637,-0.210,-0.210,-0.210,0.000,0.000,0.000
1640079682325871104,"2021-12-21,09:41:22",10.1.1.13,526,-0.200,-0.200,-0.200,0.000,0.000,0.000
1640079682405702144,"2021-12-21,09:41:22",10.1.1.13,0.6061439514160156,-0.200,-0.200,-0.200,0.000,0.000,0.000
1640079682868196864,"2021-12-21,09:41:22",10.1.1.13,460,-0.190,-0.190,-0.190,0.000,0.000,0.000
1640079682961885952,"2021-12-21,09:41:22",10.1.1.13,0.5538690090179443,-0.190,-0.190,-0.190,0.000,0.000,0.000
1640079683477683968,"2021-12-21,09:41:23",10.1.1.13,511,-0.180,-0.180,-0.180,0.000,0.000,0.000
1640079683606798848,"2021-12-21,09:41:23",10.1.1.13,0.6407790184020996,-0.180,-0.180,-0.180,0.000,0.000,0.000
1640079684150272000,"2021-12-21,09:41:24",10.1.1.13,517,-0.170,-0.170,-0.170,0.000,0.000,0.000
1640079684297133056,"2021-12-21,09:41:24",10.1.1.13,0.6646969318389893,-0.170,-0.170,-0.170,0.000,0.000,0.000
1640079684935383040,"2021-12-21,09:41:24",10.1.1.13,634,-0.160,-0.160,-0.160,0.000,0.000,0.000
1640079684994913024,"2021-12-21,09:41:24",10.1.1.13,0.6936991214752197,-0.160,-0.160,-0.160,0.000,0.000,0.000
1640079685423772160,"2021-12-21,09:41:25",10.1.1.13,423,-0.150,-0.150,-0.150,0.000,0.000,0.000
1640079685460473088,"2021-12-21,09:41:25",10.1.1.13,0.46070313453674316,-0.150,-0.150,-0.150,0.000,0.000,0.000
1640079685879972864,"2021-12-21,09:41:25",10.1.1.13,411,-0.140,-0.140,-0.140,0.000,0.000,0.000
1640079685955621120,"2021-12-21,09:41:25",10.1.1.13,0.48898983001708984,-0.140,-0.140,-0.140,0.000,0.000,0.000
1640079686416239104,"2021-12-21,09:41:26",10.1.1.13,455,-0.130,-0.130,-0.130,0.000,0.000,0.000
1640079686463827968,"2021-12-21,09:41:26",10.1.1.13,0.5036780834197998,-0.130,-0.130,-0.130,0.000,0.000,0.000
1640079686839762944,"2021-12-21,09:41:26",10.1.1.13,371,-0.120,-0.120,-0.120,0.000,0.000,0.000
1640079686902535936,"2021-12-21,09:41:26",10.1.1.13,0.4345881938934326,-0.120,-0.120,-0.120,0.000,0.000,0.000
1640079687250545152,"2021-12-21,09:41:27",10.1.1.13,344,-0.110,-0.110,-0.110,0.000,0.000,0.000
1640079687288732928,"2021-12-21,09:41:27",10.1.1.13,0.3831799030303955,-0.110,-0.110,-0.110,0.000,0.000,0.000
1640079687623627776,"2021-12-21,09:41:27",10.1.1.13,332,-0.100,-0.100,-0.100,0.000,0.000,0.000
1640079687690256128,"2021-12-21,09:41:27",10.1.1.13,0.39931702613830566,-0.100,-0.100,-0.100,0.000,0.000,0.000
1640079688099045120,"2021-12-21,09:41:28",10.1.1.13,405,-0.090,-0.090,-0.090,0.000,0.000,0.000
1640079688133504000,"2021-12-21,09:41:28",10.1.1.13,0.4401588439941406,-0.090,-0.090,-0.090,0.000,0.000,0.000
1640079688565207040,"2021-12-21,09:41:28",10.1.1.13,428,-0.080,-0.080,-0.080,0.000,0.000,0.000
1640079688652594944,"2021-12-21,09:41:28",10.1.1.13,0.5158991813659668,-0.080,-0.080,-0.080,0.000,0.000,0.000
1640079689130772224,"2021-12-21,09:41:29",10.1.1.13,467,-0.070,-0.070,-0.070,0.000,0.000,0.000
1640079689229116928,"2021-12-21,09:41:29",10.1.1.13,0.5662319660186768,-0.070,-0.070,-0.070,0.000,0.000,0.000
1640079689686178816,"2021-12-21,09:41:29",10.1.1.13,455,-0.060,-0.060,-0.060,0.000,0.000,0.000
1640079689722814976,"2021-12-21,09:41:29",10.1.1.13,0.49242305755615234,-0.060,-0.060,-0.060,0.000,0.000,0.000
1640079690126086912,"2021-12-21,09:41:30",10.1.1.13,393,-0.050,-0.050,-0.050,0.000,0.000,0.000
1640079690209321984,"2021-12-21,09:41:30",10.1.1.13,0.47234487533569336,-0.050,-0.050,-0.050,0.000,0.000,0.000
1640079690622010880,"2021-12-21,09:41:30",10.1.1.13,408,-0.040,-0.040,-0.040,0.000,0.000,0.000
1640079690645168128,"2021-12-21,09:41:30",10.1.1.13,0.431549072265625,-0.040,-0.040,-0.040,0.000,0.000,0.000
1640079691041210880,"2021-12-21,09:41:31",10.1.1.13,393,-0.030,-0.030,-0.030,0.000,0.000,0.000
1640079691121229056,"2021-12-21,09:41:31",10.1.1.13,0.47409892082214355,-0.030,-0.030,-0.030,0.000,0.000,0.000
1640079691548180224,"2021-12-21,09:41:31",10.1.1.13,424,-0.020,-0.020,-0.020,0.000,0.000,0.000
1640079691624882944,"2021-12-21,09:41:31",10.1.1.13,0.5008089542388916,-0.020,-0.020,-0.020,0.000,0.000,0.000
1640079691990797056,"2021-12-21,09:41:31",10.1.1.13,359,-0.010,-0.010,-0.010,0.000,0.000,0.000
1640079692087593984,"2021-12-21,09:41:32",10.1.1.13,0.4565451145172119,-0.010,-0.010,-0.010,0.000,0.000,0.000
1640079692451493888,"2021-12-21,09:41:32",10.1.1.13,362,0.000,0.000,0.000,0.000,0.000,0.000
1640079692487011072,"2021-12-21,09:41:32",10.1.1.13,0.39795398712158203,0.000,0.000,0.000,0.000,0.000,0.000
1640079692871459072,"2021-12-21,09:41:32",10.1.1.13,382,-0.010,-0.010,-0.010,0.000,0.000,0.000
1640079692922919936,"2021-12-21,09:41:32",10.1.1.13,0.43361520767211914,-0.010,-0.010,-0.010,0.000,0.000,0.000
1640079693374767104,"2021-12-21,09:41:33",10.1.1.13,439,-0.020,-0.020,-0.020,0.000,0.000,0.000
1640079693403047168,"2021-12-21,09:41:33",10.1.1.13,0.4741640090942383,-0.020,-0.020,-0.020,0.000,0.000,0.000
1640079693824578048,"2021-12-21,09:41:33",10.1.1.13,384,-0.030,-0.030,-0.030,0.000,0.000,0.000
1640079693891258112,"2021-12-21,09:41:33",10.1.1.13,0.45081496238708496,-0.030,-0.030,-0.030,0.000,0.000,0.000
1640079694259634944,"2021-12-21,09:41:34",10.1.1.13,366,-0.040,-0.040,-0.040,0.000,0.000,0.000
1640079694313370112,"2021-12-21,09:41:34",10.1.1.13,0.4198291301727295,-0.040,-0.040,-0.040,0.000,0.000,0.000
1640079694754767872,"2021-12-21,09:41:34",10.1.1.13,430,-0.050,-0.050,-0.050,0.000,0.000,0.000
1640079694766904064,"2021-12-21,09:41:34",10.1.1.13,0.4485800266265869,-0.050,-0.050,-0.050,0.000,0.000,0.000
1640079695162761984,"2021-12-21,09:41:35",10.1.1.13,378,-0.060,-0.060,-0.060,0.000,0.000,0.000
1640079695249840128,"2021-12-21,09:41:35",10.1.1.13,0.46584582328796387,-0.060,-0.060,-0.060,0.000,0.000,0.000
1640079695601574912,"2021-12-21,09:41:35",10.1.1.13,350,-0.070,-0.070,-0.070,0.000,0.000,0.000
1640079695646962944,"2021-12-21,09:41:35",10.1.1.13,0.3955118656158447,-0.070,-0.070,-0.070,0.000,0.000,0.000
1640079696002887936,"2021-12-21,09:41:36",10.1.1.13,354,-0.080,-0.080,-0.080,0.000,0.000,0.000
1640079696067302912,"2021-12-21,09:41:36",10.1.1.13,0.41885995864868164,-0.080,-0.080,-0.080,0.000,0.000,0.000
1640079696451531008,"2021-12-21,09:41:36",10.1.1.13,380,-0.090,-0.090,-0.090,0.000,0.000,0.000
1640079696547096064,"2021-12-21,09:41:36",10.1.1.13,0.4757850170135498,-0.090,-0.090,-0.090,0.000,0.000,0.000
1640079696908240128,"2021-12-21,09:41:36",10.1.1.13,358,-0.100,-0.100,-0.100,0.000,0.000,0.000
1640079697024080896,"2021-12-21,09:41:37",10.1.1.13,0.4737579822540283,-0.100,-0.100,-0.100,0.000,0.000,0.000
1640079697458211840,"2021-12-21,09:41:37",10.1.1.13,430,-0.110,-0.110,-0.110,0.000,0.000,0.000
1640079697595938048,"2021-12-21,09:41:37",10.1.1.13,0.5682008266448975,-0.110,-0.110,-0.110,0.000,0.000,0.000
1640079697997651200,"2021-12-21,09:41:37",10.1.1.13,400,-0.120,-0.120,-0.120,0.000,0.000,0.000
1640079698077967872,"2021-12-21,09:41:38",10.1.1.13,0.48064303398132324,-0.120,-0.120,-0.120,0.000,0.000,0.000
1640079698497481984,"2021-12-21,09:41:38",10.1.1.13,413,-0.130,-0.130,-0.130,0.000,0.000,0.000
1640079698576806912,"2021-12-21,09:41:38",10.1.1.13,0.49297404289245605,-0.130,-0.130,-0.130,0.000,0.000,0.000
1640079698962237952,"2021-12-21,09:41:38",10.1.1.13,383,-0.140,-0.140,-0.140,0.000,0.000,0.000
1640079699014981120,"2021-12-21,09:41:39",10.1.1.13,0.43663501739501953,-0.140,-0.140,-0.140,0.000,0.000,0.000
1640079699428726784,"2021-12-21,09:41:39",10.1.1.13,411,-0.150,-0.150,-0.150,0.000,0.000,0.000
1640079699493207040,"2021-12-21,09:41:39",10.1.1.13,0.47472095489501953,-0.150,-0.150,-0.150,0.000,0.000,0.000
1640079699906128896,"2021-12-21,09:41:39",10.1.1.13,404,-0.160,-0.160,-0.160,0.000,0.000,0.000
1640079699956294144,"2021-12-21,09:41:39",10.1.1.13,0.4545140266418457,-0.160,-0.160,-0.160,0.000,0.000,0.000
1640079700346510848,"2021-12-21,09:41:40",10.1.1.13,388,-0.170,-0.170,-0.170,0.000,0.000,0.000
1640079700440468992,"2021-12-21,09:41:40",10.1.1.13,0.4829139709472656,-0.170,-0.170,-0.170,0.000,0.000,0.000
1640079700839153920,"2021-12-21,09:41:40",10.1.1.13,391,-0.180,-0.180,-0.180,0.000,0.000,0.000
1640079700954697984,"2021-12-21,09:41:40",10.1.1.13,0.5068650245666504,-0.180,-0.180,-0.180,0.000,0.000,0.000
1640079701355567104,"2021-12-21,09:41:41",10.1.1.13,398,-0.190,-0.190,-0.190,0.000,0.000,0.000
1640079701451965184,"2021-12-21,09:41:41",10.1.1.13,0.49504804611206055,-0.190,-0.190,-0.190,0.000,0.000,0.000
1640079701911514112,"2021-12-21,09:41:41",10.1.1.13,438,-0.200,-0.200,-0.200,0.000,0.000,0.000
1640079701988527104,"2021-12-21,09:41:41",10.1.1.13,0.5225992202758789,-0.200,-0.200,-0.200,0.000,0.000,0.000
1640079702412837888,"2021-12-21,09:41:42",10.1.1.13,408,-0.210,-0.210,-0.210,0.000,0.000,0.000
1640079702531419904,"2021-12-21,09:41:42",10.1.1.13,0.518906831741333,-0.210,-0.210,-0.210,0.000,0.000,0.000
1640079702928060160,"2021-12-21,09:41:42",10.1.1.13,394,-0.220,-0.220,-0.220,0.000,0.000,0.000
1640079702985693952,"2021-12-21,09:41:42",10.1.1.13,0.4524869918823242,-0.220,-0.220,-0.220,0.000,0.000,0.000
1640079703403172864,"2021-12-21,09:41:43",10.1.1.13,412,-0.230,-0.230,-0.230,0.000,0.000,0.000
1640079703463006976,"2021-12-21,09:41:43",10.1.1.13,0.4725968837738037,-0.230,-0.230,-0.230,0.000,0.000,0.000
1640079703862071040,"2021-12-21,09:41:43",10.1.1.13,396,-0.240,-0.240,-0.240,0.000,0.000,0.000
1640079703919244032,"2021-12-21,09:41:43",10.1.1.13,0.45389294624328613,-0.240,-0.240,-0.240,0.000,0.000,0.000
1640079704328000000,"2021-12-21,09:41:44",10.1.1.13,402,-0.250,-0.250,-0.250,0.000,0.000,0.000
1640079704417491968,"2021-12-21,09:41:44",10.1.1.13,0.4923980236053467,-0.250,-0.250,-0.250,0.000,0.000,0.000
1640079704786690048,"2021-12-21,09:41:44",10.1.1.13,367,-0.260,-0.260,-0.260,0.000,0.000,0.000
1640079704914156032,"2021-12-21,09:41:44",10.1.1.13,0.49508118629455566,-0.260,-0.260,-0.260,0.000,0.000,0.000
1640079705297528064,"2021-12-21,09:41:45",10.1.1.13,377,-0.270,-0.270,-0.270,0.000,0.000,0.000
1640079705335215104,"2021-12-21,09:41:45",10.1.1.13,0.41547083854675293,-0.270,-0.270,-0.270,0.000,0.000,0.000
1640079705672517120,"2021-12-21,09:41:45",10.1.1.13,335,-0.280,-0.280,-0.280,0.000,0.000,0.000
1640079705724227072,"2021-12-21,09:41:45",10.1.1.13,0.3869798183441162,-0.280,-0.280,-0.280,0.000,0.000,0.000
1640079706110161920,"2021-12-21,09:41:46",10.1.1.13,382,-0.290,-0.290,-0.290,0.000,0.000,0.000
1640079706127176960,"2021-12-21,09:41:46",10.1.1.13,0.39989399909973145,-0.290,-0.290,-0.290,0.000,0.000,0.000
1640079706600649984,"2021-12-21,09:41:46",10.1.1.13,466,-0.300,-0.300,-0.300,0.000,0.000,0.000
1640079706677191936,"2021-12-21,09:41:46",10.1.1.13,0.5432510375976562,-0.300,-0.300,-0.300,0.000,0.000,0.000
1640079707049231104,"2021-12-21,09:41:47",10.1.1.13,362,-0.310,-0.310,-0.310,0.000,0.000,0.000
1640079707123534080,"2021-12-21,09:41:47",10.1.1.13,0.43639087677001953,-0.310,-0.310,-0.310,0.000,0.000,0.000
1640079707504321024,"2021-12-21,09:41:47",10.1.1.13,365,-0.320,-0.320,-0.320,0.000,0.000,0.000
1640079707515691008,"2021-12-21,09:41:47",10.1.1.13,0.37717390060424805,-0.320,-0.320,-0.320,0.000,0.000,0.000
1640079707889598976,"2021-12-21,09:41:47",10.1.1.13,372,-0.330,-0.330,-0.330,0.000,0.000,0.000
1640079707959405824,"2021-12-21,09:41:47",10.1.1.13,0.442033052444458,-0.330,-0.330,-0.330,0.000,0.000,0.000
1640079708324100096,"2021-12-21,09:41:48",10.1.1.13,363,-0.340,-0.340,-0.340,0.000,0.000,0.000
1640079708390845184,"2021-12-21,09:41:48",10.1.1.13,0.42334485054016113,-0.340,-0.340,-0.340,0.000,0.000,0.000
1640079708799923968,"2021-12-21,09:41:48",10.1.1.13,404,-0.350,-0.350,-0.350,0.000,0.000,0.000
1640079708839778816,"2021-12-21,09:41:48",10.1.1.13,0.4446830749511719,-0.350,-0.350,-0.350,0.000,0.000,0.000
1640079709209091840,"2021-12-21,09:41:49",10.1.1.13,362,-0.360,-0.360,-0.360,0.000,0.000,0.000
1640079709237509120,"2021-12-21,09:41:49",10.1.1.13,0.3909428119659424,-0.360,-0.360,-0.360,0.000,0.000,0.000
1640079709578624000,"2021-12-21,09:41:49",10.1.1.13,331,-0.370,-0.370,-0.370,0.000,0.000,0.000
1640079709628221952,"2021-12-21,09:41:49",10.1.1.13,0.38390111923217773,-0.370,-0.370,-0.370,0.000,0.000,0.000
1640079710042150144,"2021-12-21,09:41:50",10.1.1.13,402,-0.380,-0.380,-0.380,0.000,0.000,0.000
1640079710108711936,"2021-12-21,09:41:50",10.1.1.13,0.46861815452575684,-0.380,-0.380,-0.380,0.000,0.000,0.000
1640079710445262848,"2021-12-21,09:41:50",10.1.1.13,333,-0.390,-0.390,-0.390,0.000,0.000,0.000
1640079710490163968,"2021-12-21,09:41:50",10.1.1.13,0.37830209732055664,-0.390,-0.390,-0.390,0.000,0.000,0.000
1640079710824503040,"2021-12-21,09:41:50",10.1.1.13,329,-0.400,-0.400,-0.400,0.000,0.000,0.000
1640079710854660864,"2021-12-21,09:41:50",10.1.1.13,0.36020684242248535,-0.400,-0.400,-0.400,0.000,0.000,0.000
1640079711236418048,"2021-12-21,09:41:51",10.1.1.13,379,-0.410,-0.410,-0.410,0.000,0.000,0.000
1640079711268701184,"2021-12-21,09:41:51",10.1.1.13,0.41275596618652344,-0.410,-0.410,-0.410,0.000,0.000,0.000
1640079711633374976,"2021-12-21,09:41:51",10.1.1.13,362,-0.420,-0.420,-0.420,0.000,0.000,0.000
1640079711666227200,"2021-12-21,09:41:51",10.1.1.13,0.39537906646728516,-0.420,-0.420,-0.420,0.000,0.000,0.000
1640079712042426112,"2021-12-21,09:41:52",10.1.1.13,373,-0.430,-0.430,-0.430,0.000,0.000,0.000
1640079712099066880,"2021-12-21,09:41:52",10.1.1.13,0.43021178245544434,-0.430,-0.430,-0.430,0.000,0.000,0.000
1640079712472225024,"2021-12-21,09:41:52",10.1.1.13,367,-0.440,-0.440,-0.440,0.000,0.000,0.000
1640079712539278080,"2021-12-21,09:41:52",10.1.1.13,0.43503499031066895,-0.440,-0.440,-0.440,0.000,0.000,0.000
1640079712891872000,"2021-12-21,09:41:52",10.1.1.13,348,-0.450,-0.450,-0.450,0.000,0.000,0.000
1640079712959250944,"2021-12-21,09:41:52",10.1.1.13,0.4154520034790039,-0.450,-0.450,-0.450,0.000,0.000,0.000
1640079713333539840,"2021-12-21,09:41:53",10.1.1.13,369,-0.460,-0.460,-0.460,0.000,0.000,0.000
1640079713386863872,"2021-12-21,09:41:53",10.1.1.13,0.4226818084716797,-0.460,-0.460,-0.460,0.000,0.000,0.000
1640079713750340096,"2021-12-21,09:41:53",10.1.1.13,360,-0.470,-0.470,-0.470,0.000,0.000,0.000
1640079713822810880,"2021-12-21,09:41:53",10.1.1.13,0.4329559803009033,-0.470,-0.470,-0.470,0.000,0.000,0.000
1640079714189969920,"2021-12-21,09:41:54",10.1.1.13,365,-0.480,-0.480,-0.480,0.000,0.000,0.000
1640079714235085056,"2021-12-21,09:41:54",10.1.1.13,0.41037607192993164,-0.480,-0.480,-0.480,0.000,0.000,0.000
1640079714539603968,"2021-12-21,09:41:54",10.1.1.13,302,-0.490,-0.490,-0.490,0.000,0.000,0.000
1640079714631655936,"2021-12-21,09:41:54",10.1.1.13,0.3945000171661377,-0.490,-0.490,-0.490,0.000,0.000,0.000
1640079714968698880,"2021-12-21,09:41:54",10.1.1.13,334,-0.480,-0.480,-0.480,0.000,0.000,0.000
1640079715016712960,"2021-12-21,09:41:55",10.1.1.13,0.38278698921203613,-0.480,-0.480,-0.480,0.000,0.000,0.000
1640079715388196864,"2021-12-21,09:41:55",10.1.1.13,358,-0.470,-0.470,-0.470,0.000,0.000,0.000
1640079715446724864,"2021-12-21,09:41:55",10.1.1.13,0.4174370765686035,-0.470,-0.470,-0.470,0.000,0.000,0.000
1640079715449361920,"2021-12-21,09:41:55",10.1.1.13,-1,-0.460,-0.460,-0.460,0.000,0.000,0.000
1640079715841367040,"2021-12-21,09:41:55",10.1.1.13,0.3930940628051758,-0.460,-0.460,-0.460,0.000,0.000,0.000
1640079716267025920,"2021-12-21,09:41:56",10.1.1.13,423,-0.450,-0.450,-0.450,0.000,0.000,0.000
1640079716365869056,"2021-12-21,09:41:56",10.1.1.13,0.5219600200653076,-0.450,-0.450,-0.450,0.000,0.000,0.000
1640079716757091072,"2021-12-21,09:41:56",10.1.1.13,384,-0.440,-0.440,-0.440,0.000,0.000,0.000
1640079716823527936,"2021-12-21,09:41:56",10.1.1.13,0.4512789249420166,-0.440,-0.440,-0.440,0.000,0.000,0.000
1640079717205751040,"2021-12-21,09:41:57",10.1.1.13,380,-0.430,-0.430,-0.430,0.000,0.000,0.000
1640079717253113088,"2021-12-21,09:41:57",10.1.1.13,0.4279179573059082,-0.430,-0.430,-0.430,0.000,0.000,0.000
1640079717614263040,"2021-12-21,09:41:57",10.1.1.13,357,-0.420,-0.420,-0.420,0.000,0.000,0.000
1640079717638252032,"2021-12-21,09:41:57",10.1.1.13,0.3817920684814453,-0.420,-0.420,-0.420,0.000,0.000,0.000
1640079717993572096,"2021-12-21,09:41:57",10.1.1.13,351,-0.410,-0.410,-0.410,0.000,0.000,0.000
1640079718030530816,"2021-12-21,09:41:58",10.1.1.13,0.3869171142578125,-0.410,-0.410,-0.410,0.000,0.000,0.000
1640079718413369856,"2021-12-21,09:41:58",10.1.1.13,368,-0.400,-0.400,-0.400,0.000,0.000,0.000
1640079718455463936,"2021-12-21,09:41:58",10.1.1.13,0.41084909439086914,-0.400,-0.400,-0.400,0.000,0.000,0.000
1640079718783951872,"2021-12-21,09:41:58",10.1.1.13,326,-0.390,-0.390,-0.390,0.000,0.000,0.000
1640079718885750016,"2021-12-21,09:41:58",10.1.1.13,0.4288029670715332,-0.390,-0.390,-0.390,0.000,0.000,0.000
1640079719242234880,"2021-12-21,09:41:59",10.1.1.13,349,-0.380,-0.380,-0.380,0.000,0.000,0.000
1640079719260751872,"2021-12-21,09:41:59",10.1.1.13,0.36869096755981445,-0.380,-0.380,-0.380,0.000,0.000,0.000
1640079719581662976,"2021-12-21,09:41:59",10.1.1.13,317,-0.370,-0.370,-0.370,0.000,0.000,0.000
1640079719634223104,"2021-12-21,09:41:59",10.1.1.13,0.3617110252380371,-0.370,-0.370,-0.370,0.000,0.000,0.000
1640079719972218880,"2021-12-21,09:41:59",10.1.1.13,334,-0.360,-0.360,-0.360,0.000,0.000,0.000
1640079720045582080,"2021-12-21,09:42:00",10.1.1.13,0.4087200164794922,-0.360,-0.360,-0.360,0.000,0.000,0.000
1640079720400648960,"2021-12-21,09:42:00",10.1.1.13,353,-0.350,-0.350,-0.350,0.000,0.000,0.000
1640079720417550080,"2021-12-21,09:42:00",10.1.1.13,0.3702518939971924,-0.350,-0.350,-0.350,0.000,0.000,0.000
1640079720770651136,"2021-12-21,09:42:00",10.1.1.13,341,-0.340,-0.340,-0.340,0.000,0.000,0.000
1640079720805788160,"2021-12-21,09:42:00",10.1.1.13,0.37662386894226074,-0.340,-0.340,-0.340,0.000,0.000,0.000
1640079721148932864,"2021-12-21,09:42:01",10.1.1.13,339,-0.330,-0.330,-0.330,0.000,0.000,0.000
1640079721224121088,"2021-12-21,09:42:01",10.1.1.13,0.41515183448791504,-0.330,-0.330,-0.330,0.000,0.000,0.000
1640079721619749120,"2021-12-21,09:42:01",10.1.1.13,394,-0.320,-0.320,-0.320,0.000,0.000,0.000
1640079721649516032,"2021-12-21,09:42:01",10.1.1.13,0.42406296730041504,-0.320,-0.320,-0.320,0.000,0.000,0.000
1640079722028291840,"2021-12-21,09:42:02",10.1.1.13,362,-0.310,-0.310,-0.310,0.000,0.000,0.000
1640079722075068928,"2021-12-21,09:42:02",10.1.1.13,0.4094080924987793,-0.310,-0.310,-0.310,0.000,0.000,0.000
1640079722427259904,"2021-12-21,09:42:02",10.1.1.13,347,-0.300,-0.300,-0.300,0.000,0.000,0.000
1640079722462237952,"2021-12-21,09:42:02",10.1.1.13,0.3827700614929199,-0.300,-0.300,-0.300,0.000,0.000,0.000
1640079722826865920,"2021-12-21,09:42:02",10.1.1.13,358,-0.290,-0.290,-0.290,0.000,0.000,0.000
1640079722848915968,"2021-12-21,09:42:02",10.1.1.13,0.380385160446167,-0.290,-0.290,-0.290,0.000,0.000,0.000
1640079723237552896,"2021-12-21,09:42:03",10.1.1.13,382,-0.280,-0.280,-0.280,0.000,0.000,0.000
1640079723304569856,"2021-12-21,09:42:03",10.1.1.13,0.44991111755371094,-0.280,-0.280,-0.280,0.000,0.000,0.000
1640079723645837056,"2021-12-21,09:42:03",10.1.1.13,338,-0.270,-0.270,-0.270,0.000,0.000,0.000
1640079723694153984,"2021-12-21,09:42:03",10.1.1.13,0.38637590408325195,-0.270,-0.270,-0.270,0.000,0.000,0.000
1640079724054932992,"2021-12-21,09:42:04",10.1.1.13,353,-0.260,-0.260,-0.260,0.000,0.000,0.000
1640079724102022912,"2021-12-21,09:42:04",10.1.1.13,0.400770902633667,-0.260,-0.260,-0.260,0.000,0.000,0.000
1640079724483945984,"2021-12-21,09:42:04",10.1.1.13,374,-0.250,-0.250,-0.250,0.000,0.000,0.000
1640079724535379968,"2021-12-21,09:42:04",10.1.1.13,0.41930603981018066,-0.250,-0.250,-0.250,0.000,0.000,0.000
1640079724903922176,"2021-12-21,09:42:04",10.1.1.13,366,-0.240,-0.240,-0.240,0.000,0.000,0.000
1640079724938745088,"2021-12-21,09:42:04",10.1.1.13,0.40116190910339355,-0.240,-0.240,-0.240,0.000,0.000,0.000
1640079725323010048,"2021-12-21,09:42:05",10.1.1.13,365,-0.230,-0.230,-0.230,0.000,0.000,0.000
1640079725357920768,"2021-12-21,09:42:05",10.1.1.13,0.40018606185913086,-0.230,-0.230,-0.230,0.000,0.000,0.000
1640079725692256000,"2021-12-21,09:42:05",10.1.1.13,331,-0.220,-0.220,-0.220,0.000,0.000,0.000
1640079725737488896,"2021-12-21,09:42:05",10.1.1.13,0.37685704231262207,-0.220,-0.220,-0.220,0.000,0.000,0.000
1640079726132107008,"2021-12-21,09:42:06",10.1.1.13,391,-0.210,-0.210,-0.210,0.000,0.000,0.000
1640079726144776960,"2021-12-21,09:42:06",10.1.1.13,0.4039180278778076,-0.210,-0.210,-0.210,0.000,0.000,0.000
1640079726511526144,"2021-12-21,09:42:06",10.1.1.13,364,-0.200,-0.200,-0.200,0.000,0.000,0.000
1640079726554359808,"2021-12-21,09:42:06",10.1.1.13,0.4074091911315918,-0.200,-0.200,-0.200,0.000,0.000,0.000
1640079726901113088,"2021-12-21,09:42:06",10.1.1.13,344,-0.190,-0.190,-0.190,0.000,0.000,0.000
1640079726913690112,"2021-12-21,09:42:06",10.1.1.13,0.35741496086120605,-0.190,-0.190,-0.190,0.000,0.000,0.000
1640079727251464960,"2021-12-21,09:42:07",10.1.1.13,335,-0.180,-0.180,-0.180,0.000,0.000,0.000
1640079727299806976,"2021-12-21,09:42:07",10.1.1.13,0.38430023193359375,-0.180,-0.180,-0.180,0.000,0.000,0.000
1640079727650393856,"2021-12-21,09:42:07",10.1.1.13,335,-0.170,-0.170,-0.170,0.000,0.000,0.000
1640079727697487104,"2021-12-21,09:42:07",10.1.1.13,0.3827028274536133,-0.170,-0.170,-0.170,0.000,0.000,0.000
1640079728097460992,"2021-12-21,09:42:08",10.1.1.13,392,-0.160,-0.160,-0.160,0.000,0.000,0.000
1640079728135194112,"2021-12-21,09:42:08",10.1.1.13,0.4301009178161621,-0.160,-0.160,-0.160,0.000,0.000,0.000
1640079728468843008,"2021-12-21,09:42:08",10.1.1.13,330,-0.150,-0.150,-0.150,0.000,0.000,0.000
1640079728501970944,"2021-12-21,09:42:08",10.1.1.13,0.3640758991241455,-0.150,-0.150,-0.150,0.000,0.000,0.000
1640079728867963136,"2021-12-21,09:42:08",10.1.1.13,362,-0.140,-0.140,-0.140,0.000,0.000,0.000
1640079728918638080,"2021-12-21,09:42:08",10.1.1.13,0.41301703453063965,-0.140,-0.140,-0.140,0.000,0.000,0.000
1640079729246577920,"2021-12-21,09:42:09",10.1.1.13,326,-0.130,-0.130,-0.130,0.000,0.000,0.000
1640079729328130048,"2021-12-21,09:42:09",10.1.1.13,0.40793585777282715,-0.130,-0.130,-0.130,0.000,0.000,0.000
1640079729685977856,"2021-12-21,09:42:09",10.1.1.13,355,-0.120,-0.120,-0.120,0.000,0.000,0.000
1640079729697639936,"2021-12-21,09:42:09",10.1.1.13,0.36714696884155273,-0.120,-0.120,-0.120,0.000,0.000,0.000
1640079730075126016,"2021-12-21,09:42:10",10.1.1.13,373,-0.110,-0.110,-0.110,0.000,0.000,0.000
1640079730102458880,"2021-12-21,09:42:10",10.1.1.13,0.40097594261169434,-0.110,-0.110,-0.110,0.000,0.000,0.000
1640079730464962048,"2021-12-21,09:42:10",10.1.1.13,355,-0.100,-0.100,-0.100,0.000,0.000,0.000
1640079730508418048,"2021-12-21,09:42:10",10.1.1.13,0.399259090423584,-0.100,-0.100,-0.100,0.000,0.000,0.000
1640079730824187136,"2021-12-21,09:42:10",10.1.1.13,314,-0.090,-0.090,-0.090,0.000,0.000,0.000
1640079730934886912,"2021-12-21,09:42:10",10.1.1.13,0.42516112327575684,-0.090,-0.090,-0.090,0.000,0.000,0.000
1640079731263979008,"2021-12-21,09:42:11",10.1.1.13,327,-0.080,-0.080,-0.080,0.000,0.000,0.000
1640079731312741120,"2021-12-21,09:42:11",10.1.1.13,0.3762781620025635,-0.080,-0.080,-0.080,0.000,0.000,0.000
1640079731673899008,"2021-12-21,09:42:11",10.1.1.13,359,-0.070,-0.070,-0.070,0.000,0.000,0.000
1640079731702508800,"2021-12-21,09:42:11",10.1.1.13,0.38811683654785156,-0.070,-0.070,-0.070,0.000,0.000,0.000
1640079732072624896,"2021-12-21,09:42:12",10.1.1.13,357,-0.060,-0.060,-0.060,0.000,0.000,0.000
1640079732158729984,"2021-12-21,09:42:12",10.1.1.13,0.44397687911987305,-0.060,-0.060,-0.060,0.000,0.000,0.000
1640079732485260032,"2021-12-21,09:42:12",10.1.1.13,325,-0.050,-0.050,-0.050,0.000,0.000,0.000
1640079732595632128,"2021-12-21,09:42:12",10.1.1.13,0.4356870651245117,-0.050,-0.050,-0.050,0.000,0.000,0.000
1640079732929508096,"2021-12-21,09:42:12",10.1.1.13,332,-0.040,-0.040,-0.040,0.000,0.000,0.000
1640079732955209984,"2021-12-21,09:42:12",10.1.1.13,0.3579421043395996,-0.040,-0.040,-0.040,0.000,0.000,0.000
1640079733340429056,"2021-12-21,09:42:13",10.1.1.13,377,-0.030,-0.030,-0.030,0.000,0.000,0.000
1640079733420515072,"2021-12-21,09:42:13",10.1.1.13,0.45772600173950195,-0.030,-0.030,-0.030,0.000,0.000,0.000
1640079733761713152,"2021-12-21,09:42:13",10.1.1.13,330,-0.020,-0.020,-0.020,0.000,0.000,0.000
1640079733813807104,"2021-12-21,09:42:13",10.1.1.13,0.38234591484069824,-0.020,-0.020,-0.020,0.000,0.000,0.000
1640079734169555968,"2021-12-21,09:42:14",10.1.1.13,349,-0.010,-0.010,-0.010,0.000,0.000,0.000
1640079734227457024,"2021-12-21,09:42:14",10.1.1.13,0.40773701667785645,-0.010,-0.010,-0.010,0.000,0.000,0.000
1640079734585143040,"2021-12-21,09:42:14",10.1.1.13,341,0.000,0.000,0.000,0.000,0.000,0.000
1640079734647490048,"2021-12-21,09:42:14",10.1.1.13,0.40393495559692383,0.000,0.000,0.000,0.000,0.000,0.000
1640079735007468032,"2021-12-21,09:42:15",10.1.1.13,358,-0.010,-0.010,-0.010,0.000,0.000,0.000
1640079735095431168,"2021-12-21,09:42:15",10.1.1.13,0.44643402099609375,-0.010,-0.010,-0.010,0.000,0.000,0.000
1640079735431145984,"2021-12-21,09:42:15",10.1.1.13,332,-0.020,-0.020,-0.020,0.000,0.000,0.000
1640079735488837120,"2021-12-21,09:42:15",10.1.1.13,0.3899531364440918,-0.020,-0.020,-0.020,0.000,0.000,0.000
1640079735870748928,"2021-12-21,09:42:15",10.1.1.13,375,-0.030,-0.030,-0.030,0.000,0.000,0.000
1640079735902364928,"2021-12-21,09:42:15",10.1.1.13,0.40702104568481445,-0.030,-0.030,-0.030,0.000,0.000,0.000
1640079736258797056,"2021-12-21,09:42:16",10.1.1.13,351,-0.040,-0.040,-0.040,0.000,0.000,0.000
1640079736301554944,"2021-12-21,09:42:16",10.1.1.13,0.3969449996948242,-0.040,-0.040,-0.040,0.000,0.000,0.000
1640079736694200064,"2021-12-21,09:42:16",10.1.1.13,387,-0.050,-0.050,-0.050,0.000,0.000,0.000
1640079736732395008,"2021-12-21,09:42:16",10.1.1.13,0.4258852005004883,-0.050,-0.050,-0.050,0.000,0.000,0.000
1640079737074758144,"2021-12-21,09:42:17",10.1.1.13,338,-0.060,-0.060,-0.060,0.000,0.000,0.000
1640079737095792128,"2021-12-21,09:42:17",10.1.1.13,0.3600039482116699,-0.060,-0.060,-0.060,0.000,0.000,0.000
1640079737516668928,"2021-12-21,09:42:17",10.1.1.13,418,-0.070,-0.070,-0.070,0.000,0.000,0.000
1640079737583307008,"2021-12-21,09:42:17",10.1.1.13,0.4855310916900635,-0.070,-0.070,-0.070,0.000,0.000,0.000
1640079737958128896,"2021-12-21,09:42:17",10.1.1.13,372,-0.080,-0.080,-0.080,0.000,0.000,0.000
1640079738041819136,"2021-12-21,09:42:18",10.1.1.13,0.4559900760650635,-0.080,-0.080,-0.080,0.000,0.000,0.000
1640079738429696000,"2021-12-21,09:42:18",10.1.1.13,385,-0.090,-0.090,-0.090,0.000,0.000,0.000
1640079738478945024,"2021-12-21,09:42:18",10.1.1.13,0.4348151683807373,-0.090,-0.090,-0.090,0.000,0.000,0.000
1640079738861253120,"2021-12-21,09:42:18",10.1.1.13,379,-0.100,-0.100,-0.100,0.000,0.000,0.000
1640079738954548992,"2021-12-21,09:42:18",10.1.1.13,0.47257089614868164,-0.100,-0.100,-0.100,0.000,0.000,0.000
1640079739333383168,"2021-12-21,09:42:19",10.1.1.13,376,-0.110,-0.110,-0.110,0.000,0.000,0.000
1640079739359791104,"2021-12-21,09:42:19",10.1.1.13,0.40314507484436035,-0.110,-0.110,-0.110,0.000,0.000,0.000
1640079739694178048,"2021-12-21,09:42:19",10.1.1.13,330,-0.120,-0.120,-0.120,0.000,0.000,0.000
1640079739781033984,"2021-12-21,09:42:19",10.1.1.13,0.41770100593566895,-0.120,-0.120,-0.120,0.000,0.000,0.000
1640079740145015040,"2021-12-21,09:42:20",10.1.1.13,362,-0.130,-0.130,-0.130,0.000,0.000,0.000
1640079740181101056,"2021-12-21,09:42:20",10.1.1.13,0.39823389053344727,-0.130,-0.130,-0.130,0.000,0.000,0.000
1640079740526263040,"2021-12-21,09:42:20",10.1.1.13,343,-0.140,-0.140,-0.140,0.000,0.000,0.000
1640079740594038016,"2021-12-21,09:42:20",10.1.1.13,0.41110992431640625,-0.140,-0.140,-0.140,0.000,0.000,0.000
1640079740946836992,"2021-12-21,09:42:20",10.1.1.13,350,-0.150,-0.150,-0.150,0.000,0.000,0.000
1640079741005539840,"2021-12-21,09:42:21",10.1.1.13,0.4097409248352051,-0.150,-0.150,-0.150,0.000,0.000,0.000
1640079741367474944,"2021-12-21,09:42:21",10.1.1.13,347,-0.160,-0.160,-0.160,0.000,0.000,0.000
1640079741417481984,"2021-12-21,09:42:21",10.1.1.13,0.3971538543701172,-0.160,-0.160,-0.160,0.000,0.000,0.000
1640079741788044032,"2021-12-21,09:42:21",10.1.1.13,368,-0.170,-0.170,-0.170,0.000,0.000,0.000
1640079741859481088,"2021-12-21,09:42:21",10.1.1.13,0.4402179718017578,-0.170,-0.170,-0.170,0.000,0.000,0.000
1640079742229035008,"2021-12-21,09:42:22",10.1.1.13,365,-0.180,-0.180,-0.180,0.000,0.000,0.000
1640079742316272896,"2021-12-21,09:42:22",10.1.1.13,0.4527709484100342,-0.180,-0.180,-0.180,0.000,0.000,0.000
1640079742690830080,"2021-12-21,09:42:22",10.1.1.13,372,-0.190,-0.190,-0.190,0.000,0.000,0.000
1640079742740803072,"2021-12-21,09:42:22",10.1.1.13,0.42264389991760254,-0.190,-0.190,-0.190,0.000,0.000,0.000
1640079743091362048,"2021-12-21,09:42:23",10.1.1.13,345,-0.200,-0.200,-0.200,0.000,0.000,0.000
1640079743185178880,"2021-12-21,09:42:23",10.1.1.13,0.4393899440765381,-0.200,-0.200,-0.200,0.000,0.000,0.000
1640079743511593216,"2021-12-21,09:42:23",10.1.1.13,322,-0.210,-0.210,-0.210,0.000,0.000,0.000
1640079743619983872,"2021-12-21,09:42:23",10.1.1.13,0.4313530921936035,-0.210,-0.210,-0.210,0.000,0.000,0.000
1640079743972486912,"2021-12-21,09:42:23",10.1.1.13,351,-0.220,-0.220,-0.220,0.000,0.000,0.000
1640079744031119104,"2021-12-21,09:42:24",10.1.1.13,0.4096488952636719,-0.220,-0.220,-0.220,0.000,0.000,0.000
1640079744373054976,"2021-12-21,09:42:24",10.1.1.13,340,-0.230,-0.230,-0.230,0.000,0.000,0.000
1640079744449421056,"2021-12-21,09:42:24",10.1.1.13,0.4170210361480713,-0.230,-0.230,-0.230,0.000,0.000,0.000
1640079744833996032,"2021-12-21,09:42:24",10.1.1.13,383,-0.240,-0.240,-0.240,0.000,0.000,0.000
1640079744848023808,"2021-12-21,09:42:24",10.1.1.13,0.3971989154815674,-0.240,-0.240,-0.240,0.000,0.000,0.000
1640079745204592896,"2021-12-21,09:42:25",10.1.1.13,355,-0.250,-0.250,-0.250,0.000,0.000,0.000
1640079745254519040,"2021-12-21,09:42:25",10.1.1.13,0.40234899520874023,-0.250,-0.250,-0.250,0.000,0.000,0.000
1640079745615106048,"2021-12-21,09:42:25",10.1.1.13,359,-0.260,-0.260,-0.260,0.000,0.000,0.000
1640079745650379776,"2021-12-21,09:42:25",10.1.1.13,0.3945629596710205,-0.260,-0.260,-0.260,0.000,0.000,0.000
1640079746025082112,"2021-12-21,09:42:26",10.1.1.13,370,-0.270,-0.270,-0.270,0.000,0.000,0.000
1640079746044905984,"2021-12-21,09:42:26",10.1.1.13,0.3906829357147217,-0.270,-0.270,-0.270,0.000,0.000,0.000
1640079746406237952,"2021-12-21,09:42:26",10.1.1.13,357,-0.280,-0.280,-0.280,0.000,0.000,0.000
1640079746440349952,"2021-12-21,09:42:26",10.1.1.13,0.39124202728271484,-0.280,-0.280,-0.280,0.000,0.000,0.000
1640079746826791168,"2021-12-21,09:42:26",10.1.1.13,383,-0.290,-0.290,-0.290,0.000,0.000,0.000
1640079746864877824,"2021-12-21,09:42:26",10.1.1.13,0.4218451976776123,-0.290,-0.290,-0.290,0.000,0.000,0.000
1640079747227026944,"2021-12-21,09:42:27",10.1.1.13,357,-0.300,-0.300,-0.300,0.000,0.000,0.000
1640079747255942144,"2021-12-21,09:42:27",10.1.1.13,0.3868269920349121,-0.300,-0.300,-0.300,0.000,0.000,0.000
1640079747601913088,"2021-12-21,09:42:27",10.1.1.13,336,-0.310,-0.310,-0.310,0.000,0.000,0.000
1640079747614504192,"2021-12-21,09:42:27",10.1.1.13,0.34687185287475586,-0.310,-0.310,-0.310,0.000,0.000,0.000
1640079747969114112,"2021-12-21,09:42:27",10.1.1.13,352,-0.320,-0.320,-0.320,0.000,0.000,0.000
1640079748049509120,"2021-12-21,09:42:28",10.1.1.13,0.43352413177490234,-0.320,-0.320,-0.320,0.000,0.000,0.000
1640079748418096896,"2021-12-21,09:42:28",10.1.1.13,357,-0.330,-0.330,-0.330,0.000,0.000,0.000
1640079748476100864,"2021-12-21,09:42:28",10.1.1.13,0.41524195671081543,-0.330,-0.330,-0.330,0.000,0.000,0.000
1640079748838146816,"2021-12-21,09:42:28",10.1.1.13,356,-0.340,-0.340,-0.340,0.000,0.000,0.000
1640079748859865856,"2021-12-21,09:42:28",10.1.1.13,0.37850308418273926,-0.340,-0.340,-0.340,0.000,0.000,0.000
1640079749199537920,"2021-12-21,09:42:29",10.1.1.13,336,-0.350,-0.350,-0.350,0.000,0.000,0.000
1640079749236692992,"2021-12-21,09:42:29",10.1.1.13,0.37416791915893555,-0.350,-0.350,-0.350,0.000,0.000,0.000
1640079749609317120,"2021-12-21,09:42:29",10.1.1.13,367,-0.360,-0.360,-0.360,0.000,0.000,0.000
1640079749643501056,"2021-12-21,09:42:29",10.1.1.13,0.40172600746154785,-0.360,-0.360,-0.360,0.000,0.000,0.000
1640079749998828032,"2021-12-21,09:42:29",10.1.1.13,351,-0.370,-0.370,-0.370,0.000,0.000,0.000
1640079750053196032,"2021-12-21,09:42:30",10.1.1.13,0.40592193603515625,-0.370,-0.370,-0.370,0.000,0.000,0.000
1640079750429945088,"2021-12-21,09:42:30",10.1.1.13,365,-0.380,-0.380,-0.380,0.000,0.000,0.000
1640079750460797184,"2021-12-21,09:42:30",10.1.1.13,0.39485788345336914,-0.380,-0.380,-0.380,0.000,0.000,0.000
1640079750821350144,"2021-12-21,09:42:30",10.1.1.13,358,-0.390,-0.390,-0.390,0.000,0.000,0.000
1640079750864155904,"2021-12-21,09:42:30",10.1.1.13,0.40164995193481445,-0.390,-0.390,-0.390,0.000,0.000,0.000
1640079751229581056,"2021-12-21,09:42:31",10.1.1.13,352,-0.400,-0.400,-0.400,0.000,0.000,0.000
1640079751257769216,"2021-12-21,09:42:31",10.1.1.13,0.38158392906188965,-0.400,-0.400,-0.400,0.000,0.000,0.000
1640079751591776000,"2021-12-21,09:42:31",10.1.1.13,321,-0.410,-0.410,-0.410,0.000,0.000,0.000
1640079751623791104,"2021-12-21,09:42:31",10.1.1.13,0.35393810272216797,-0.410,-0.410,-0.410,0.000,0.000,0.000
1640079752000343040,"2021-12-21,09:42:32",10.1.1.13,374,-0.420,-0.420,-0.420,0.000,0.000,0.000
1640079752027599104,"2021-12-21,09:42:32",10.1.1.13,0.40178394317626953,-0.420,-0.420,-0.420,0.000,0.000,0.000
1640079752380585984,"2021-12-21,09:42:32",10.1.1.13,344,-0.430,-0.430,-0.430,0.000,0.000,0.000
1640079752437155072,"2021-12-21,09:42:32",10.1.1.13,0.40024709701538086,-0.430,-0.430,-0.430,0.000,0.000,0.000
1640079752851947008,"2021-12-21,09:42:32",10.1.1.13,411,-0.440,-0.440,-0.440,0.000,0.000,0.000
1640079752891624960,"2021-12-21,09:42:32",10.1.1.13,0.4509458541870117,-0.440,-0.440,-0.440,0.000,0.000,0.000
1640079753274892032,"2021-12-21,09:42:33",10.1.1.13,376,-0.450,-0.450,-0.450,0.000,0.000,0.000
1640079753332519168,"2021-12-21,09:42:33",10.1.1.13,0.4338099956512451,-0.450,-0.450,-0.450,0.000,0.000,0.000
1640079753660306944,"2021-12-21,09:42:33",10.1.1.13,323,-0.460,-0.460,-0.460,0.000,0.000,0.000
1640079753695684864,"2021-12-21,09:42:33",10.1.1.13,0.35869812965393066,-0.460,-0.460,-0.460,0.000,0.000,0.000
1640079754040558080,"2021-12-21,09:42:34",10.1.1.13,342,-0.470,-0.470,-0.470,0.000,0.000,0.000
1640079754110989056,"2021-12-21,09:42:34",10.1.1.13,0.4132699966430664,-0.470,-0.470,-0.470,0.000,0.000,0.000
1640079754449964032,"2021-12-21,09:42:34",10.1.1.13,335,-0.480,-0.480,-0.480,0.000,0.000,0.000
1640079754585300992,"2021-12-21,09:42:34",10.1.1.13,0.47096896171569824,-0.480,-0.480,-0.480,0.000,0.000,0.000
1640079754950541056,"2021-12-21,09:42:34",10.1.1.13,357,-0.490,-0.490,-0.490,0.000,0.000,0.000
1640079755043062016,"2021-12-21,09:42:35",10.1.1.13,0.45023107528686523,-0.490,-0.490,-0.490,0.000,0.000,0.000
1640079755389938176,"2021-12-21,09:42:35",10.1.1.13,338,-0.480,-0.480,-0.480,0.000,0.000,0.000
1640079755447768832,"2021-12-21,09:42:35",10.1.1.13,0.3965439796447754,-0.480,-0.480,-0.480,0.000,0.000,0.000
1640079755769803008,"2021-12-21,09:42:35",10.1.1.13,320,-0.470,-0.470,-0.470,0.000,0.000,0.000
1640079755861558016,"2021-12-21,09:42:35",10.1.1.13,0.4079780578613281,-0.470,-0.470,-0.470,0.000,0.000,0.000
1640079756191993856,"2021-12-21,09:42:36",10.1.1.13,324,-0.460,-0.460,-0.460,0.000,0.000,0.000
1640079756245389824,"2021-12-21,09:42:36",10.1.1.13,0.37764883041381836,-0.460,-0.460,-0.460,0.000,0.000,0.000
1640079756699291904,"2021-12-21,09:42:36",10.1.1.13,446,-0.450,-0.450,-0.450,0.000,0.000,0.000
1640079756908355840,"2021-12-21,09:42:36",10.1.1.13,0.6556670665740967,-0.450,-0.450,-0.450,0.000,0.000,0.000
1640079757355084800,"2021-12-21,09:42:37",10.1.1.13,432,-0.440,-0.440,-0.440,0.000,0.000,0.000
1640079757490747904,"2021-12-21,09:42:37",10.1.1.13,0.5638351440429688,-0.440,-0.440,-0.440,0.000,0.000,0.000
1640079757903420928,"2021-12-21,09:42:37",10.1.1.13,411,-0.430,-0.430,-0.430,0.000,0.000,0.000
1640079758115480832,"2021-12-21,09:42:38",10.1.1.13,0.6232891082763672,-0.430,-0.430,-0.430,0.000,0.000,0.000
1640079758617113088,"2021-12-21,09:42:38",10.1.1.13,497,-0.4